,Pers,LR,Lasso,Ridge,LAD,NN,FA-FIXED-LR,FA-FIXED-LDR-LR,FA-FIXED-NN,FA-FIXED-LDR-NN,FA-LEARN-LDR-LR-10,FA-LEARN-LDR-LR-1,FA-LEARN-LDR-LR-2,FA-LEARN-LDR-LR-5,FA-LEARN-LDR-LR-20,FA-LEARN-LDR-NN-10,FA-LEARN-LDR-NN-1,FA-LEARN-LDR-NN-2,FA-LEARN-LDR-NN-5,FA-LEARN-LDR-NN-20,FA-LEARN-LR-10,FA-LEARN-LR-1,FA-LEARN-LR-2,FA-LEARN-LR-5,FA-LEARN-LR-20,FA-LEARN-NN-10,FA-LEARN-NN-1,FA-LEARN-NN-2,FA-LEARN-NN-5,iteration,percentage,steps
0,0.0350849176088731,0.0258492352573749,0.0259573578292847,0.0258836804048212,0.0260076031483113,0.0275980462832544,0.0262005700014265,0.0262005700014265,0.0274345021853281,0.0304047494559493,0.0262005700014265,0.0262005700014265,0.0262005700014265,0.0262005700014265,0.0262005700014265,0.0265354272254965,0.0265155397830516,0.0265126158682345,0.0282218073168514,0.0269082125834398,0.0262005700014265,0.0262005700014265,0.0262005700014265,0.0262005700014265,0.0262005700014265,0.0278469303873842,0.026083313462979,0.0276772790796174,0.0288817948828806,0,0.0,1
0,0.0350849176088731,0.0258492352573749,0.0259573578292847,0.0258836804048212,0.0260076031483113,0.0275980462832544,0.0262005700014265,0.0262005700014265,0.0274345021853281,0.0304047494559493,0.0262005700014265,0.0262005700014265,0.0262005700014265,0.0262005700014265,0.0262005700014265,0.0265354272254965,0.0265155397830516,0.0265126158682345,0.0282218073168514,0.0269082125834398,0.0262005700014265,0.0262005700014265,0.0262005700014265,0.0262005700014265,0.0262005700014265,0.0278469303873842,0.026083313462979,0.0276772790796174,0.0288817948828806,1,0.0,1
0,0.0350849176088731,0.0258492352573749,0.0259573578292847,0.0258836804048212,0.0260076031483113,0.0275980462832544,0.0262005700014265,0.0262005700014265,0.0274345021853281,0.0304047494559493,0.0262005700014265,0.0262005700014265,0.0262005700014265,0.0262005700014265,0.0262005700014265,0.0265354272254965,0.0265155397830516,0.0265126158682345,0.0282218073168514,0.0269082125834398,0.0262005700014265,0.0262005700014265,0.0262005700014265,0.0262005700014265,0.0262005700014265,0.0278469303873842,0.026083313462979,0.0276772790796174,0.0288817948828806,2,0.0,1
0,0.0350849176088731,0.0258492352573749,0.0259573578292847,0.0258836804048212,0.0260076031483113,0.0275980462832544,0.0262005700014265,0.0262005700014265,0.0274345021853281,0.0304047494559493,0.0262005700014265,0.0262005700014265,0.0262005700014265,0.0262005700014265,0.0262005700014265,0.0265354272254965,0.0265155397830516,0.0265126158682345,0.0282218073168514,0.0269082125834398,0.0262005700014265,0.0262005700014265,0.0262005700014265,0.0262005700014265,0.0262005700014265,0.0278469303873842,0.026083313462979,0.0276772790796174,0.0288817948828806,3,0.0,1
0,0.0350849176088731,0.0258492352573749,0.0259573578292847,0.0258836804048212,0.0260076031483113,0.0275980462832544,0.0262005700014265,0.0262005700014265,0.0274345021853281,0.0304047494559493,0.0262005700014265,0.0262005700014265,0.0262005700014265,0.0262005700014265,0.0262005700014265,0.0265354272254965,0.0265155397830516,0.0265126158682345,0.0282218073168514,0.0269082125834398,0.0262005700014265,0.0262005700014265,0.0262005700014265,0.0262005700014265,0.0262005700014265,0.0278469303873842,0.026083313462979,0.0276772790796174,0.0288817948828806,4,0.0,1
0,0.0385746151106757,0.0294212662512536,0.0294557348364652,0.0294271866503688,0.0300026618221357,0.0304345507942553,0.0485852072775244,0.0312578596992542,0.0353063226363725,0.0333015051984091,0.0266859933509808,0.0266859934463518,0.0266859934463518,0.0266859934463518,0.0266859934463518,0.0278547801895351,0.0280256286962752,0.028149693224451,0.0296526984301704,0.0282795367527456,0.0274225593147943,0.0274142461343957,0.0274142461343957,0.0274142461343957,0.0274142461343957,0.0288067786504867,0.0274505218014612,0.0288254128041068,0.0297016798578075,0,0.001,1
0,0.0368857097045533,0.0278720354855954,0.0279088338266121,0.0278845563831786,0.028249943968659,0.0292433207551609,0.0382085643265723,0.0308930583610428,0.0338097843156066,0.0334287335428342,0.0271399461359276,0.0271399447828111,0.0271399447828111,0.0271399447828111,0.0271399447828111,0.0279962072906418,0.0281960291990415,0.0282357064990389,0.0296798594909964,0.0285128230000602,0.0277090161007286,0.0277189643894445,0.0277189643894445,0.0277189643894445,0.0277189643894445,0.0292751130124757,0.0277653415850629,0.0292365915661042,0.0302170498860194,1,0.001,1
0,0.036443702979188,0.0275107255964134,0.0275564099219951,0.0275322709818547,0.0277513872583331,0.0292557761108547,0.0473796405058503,0.0309062710733658,0.0343705305378183,0.0327400929251274,0.0264005699530474,0.0264005700554259,0.0264005700554259,0.0264005700554259,0.0264005700554259,0.0273601800888211,0.0275713166849777,0.0280326316412342,0.0289810101759304,0.0277937227923676,0.0269823494474066,0.0269831095238411,0.0269831095238411,0.0269831095238411,0.0269831095238411,0.028453454118005,0.0269861488100048,0.0284628630161985,0.0294038556653981,2,0.001,1
0,0.038934585186309,0.029844554407125,0.0298188879700581,0.0298415486858756,0.0304809004697227,0.0312076444609362,0.0442054206424289,0.0311563762933149,0.0347526706411962,0.0331231769747942,0.0271062760793209,0.0271062777298804,0.0271062777298804,0.0271062777298804,0.0271062777298804,0.028560341953617,0.0286031153878032,0.0287043659278487,0.0302047229049884,0.0289652244057814,0.0288600815429283,0.0288316459917738,0.0288316459917738,0.0288316459917738,0.0288316459917738,0.0302043600765051,0.0287479715328742,0.0301518500492932,0.0309801918938287,3,0.001,1
0,0.0405606912938935,0.0314308585294017,0.0314220882371517,0.0314245415616397,0.0322744042002914,0.0323102315049983,0.0413379881435445,0.0301042380136676,0.0330421161968002,0.0326795807199733,0.026538962264044,0.0265389626794931,0.0265389626794931,0.0265389626794931,0.0265389626794931,0.0277805362919258,0.027905561635705,0.0279895242915632,0.0295122803986638,0.0281308990813574,0.027695307183571,0.0276788071135585,0.0276788071135585,0.0276788071135585,0.0276788071135585,0.0290928826326546,0.0275566813428032,0.0291772368634658,0.0300138129616806,4,0.001,1
0,0.061815541691378,0.0521097472344867,0.0517047017927858,0.0519952345881215,0.0546918152993117,0.0488444310213065,0.0982160747339915,0.0462824798143708,0.0553266297310667,0.0420693304354898,0.0290324366858962,0.0290324373620531,0.0290324373620531,0.0290324373620531,0.0290324373620531,0.0323752571171416,0.0331141461174701,0.0363804885483558,0.0340868102852997,0.0331698507098106,0.0335629419409137,0.0335576113079066,0.0335576113079066,0.0335576113079066,0.0335576113079066,0.0338917642642854,0.0332348606762997,0.034595537186553,0.0346767942399272,0,0.005,1
0,0.0543043134950087,0.0454025759626422,0.0451093623145985,0.04531491316413,0.0473260632057277,0.0454351942799714,0.0856135291419315,0.0439290545965482,0.0530443667460346,0.040884993836578,0.0293083754882879,0.0293083735680358,0.0293083735680358,0.0293083735680358,0.0293083735680358,0.0319164277428828,0.0333571797835171,0.0352944746967466,0.0336686345751374,0.0330115277564948,0.0335506677916667,0.0335485223129866,0.0335485223129866,0.0335485223129866,0.0335485223129866,0.0329498727297546,0.0327167142093536,0.0340583346932997,0.0339543483702438,1,0.005,1
0,0.0633686369181806,0.0536570914806017,0.0532365971085649,0.0535442051633455,0.0563183541463476,0.0511212923246117,0.0843203148835761,0.0451596682276929,0.0508487814394501,0.0412564139707913,0.027792110484067,0.0277921103878805,0.0277921103878805,0.0277921103878805,0.0277921103878805,0.0306459735963292,0.0314597282941056,0.0339301609631749,0.0325424529073658,0.0317296135122165,0.0308804277688759,0.0308867250436953,0.0308867250436953,0.0308867250436953,0.0308867250436953,0.0316735909275117,0.0307214772140176,0.0319899567517634,0.0322418636745411,2,0.005,1
0,0.0600955806786068,0.0506522811746896,0.0503080563676163,0.0505415445371747,0.0530138567228929,0.0491071040495156,0.0925797530777037,0.0457872641774976,0.0553437952084137,0.0423666245145767,0.0286686812945577,0.028668681926454,0.028668681926454,0.028668681926454,0.028668681926454,0.0321765775599158,0.0336876966240097,0.0354259337179335,0.0338640917914891,0.0333593030495085,0.0344561643729595,0.0344322850413816,0.0344322850413816,0.0344322850413816,0.0344322850413816,0.0331913289777758,0.0335652016513647,0.0348419098832344,0.034716743014224,3,0.005,1
0,0.064281060737134,0.0546086003931218,0.0541693148676177,0.0544856396287973,0.0573824853728997,0.0527377523719451,0.0881271295079036,0.046290268323938,0.0545942006432348,0.0430341914787421,0.0288372520609589,0.0288372517641013,0.0288372517641013,0.0288372517641013,0.0288372517641013,0.0324344992557154,0.0329676981205049,0.0341908194803516,0.0342642645922553,0.0332169021061356,0.0327193654562597,0.0327263378765789,0.0327263378765789,0.0327263378765789,0.0327263378765789,0.0335462175906867,0.0326836867484944,0.0338537734673408,0.0340506041277886,4,0.005,1
0,0.0689685180493257,0.0597075252358939,0.0592182451974304,0.0595655053793413,0.0625313483280291,0.057290495682145,0.0987613003904924,0.0552606439372301,0.0648239379348878,0.0493109308840443,0.0318770044253306,0.0318770053654097,0.0318770053654097,0.0318770053654097,0.0318770053654097,0.034983479148407,0.0367214018624047,0.0452121348250247,0.0362542718634153,0.0360505084315629,0.0398440277085129,0.0398199020952115,0.0398199020952115,0.0398199020952115,0.0398199020952115,0.0363333452409803,0.0377860264798833,0.0390013681565318,0.0383181269402346,0,0.01,1
0,0.0601645192108293,0.0510199663132736,0.0505740065310655,0.0508904748352746,0.0532211258390986,0.0502596616093204,0.1059261903555277,0.0540823625772804,0.0645861854635087,0.0505342079001233,0.0310171913896928,0.0310171908991583,0.0310171908991583,0.0310171908991583,0.0310171908991583,0.0352667727600846,0.0366876205665375,0.042269957394539,0.0369378542460595,0.0367479401768186,0.0392379933049764,0.0392265923775715,0.0392265923775715,0.0392265923775715,0.0392265923775715,0.0369806749952858,0.0369540485036369,0.0385841037268964,0.038196492946713,1,0.01,1
0,0.0554296158673529,0.04681161688441,0.0463862476846878,0.0467041726261886,0.0486738587071305,0.0467270273436615,0.1053709814221102,0.0555437711142102,0.0652944951895348,0.0504849129746279,0.031219023775054,0.0312190263314055,0.0312190263314055,0.0312190263314055,0.0312190263314055,0.0352489931708379,0.0374555519199935,0.0489024444285293,0.0367944158530531,0.0361559140692206,0.0403536140428378,0.040328698688887,0.040328698688887,0.040328698688887,0.040328698688887,0.0362879118129293,0.0375484288885999,0.0392810267147622,0.0384465925989561,2,0.01,1
0,0.0699845294333913,0.0601451514183974,0.0596329563255263,0.0599902093542145,0.0633382669167074,0.0576493391249687,0.1055706063350211,0.0537480097043428,0.0638251302290505,0.0491226318530301,0.0302689838872567,0.0302689866993534,0.0302689866993534,0.0302689866993534,0.0302689866993534,0.0347890085565977,0.0366480410625783,0.0445858189074332,0.0366273755180081,0.0360830897980287,0.0373468963832319,0.0373236797921652,0.0373236797921652,0.0373236797921652,0.0373236797921652,0.0355125528247712,0.0355138024255179,0.0372973471600758,0.0363686826840003,3,0.01,1
0,0.0579636415287299,0.0486140109062738,0.0481670599213724,0.0484886761982293,0.050819177997906,0.0480309444709702,0.11190930291034,0.0563392762988795,0.0681187704682281,0.0492674075697131,0.0312061482562932,0.0312061497047379,0.0312061497047379,0.0312061497047379,0.0312061497047379,0.0349738960634948,0.0370281183219883,0.0442320421304615,0.0368383160635563,0.036179378965422,0.0404960645581813,0.0404874048619185,0.0404874048619185,0.0404874048619185,0.0404874048619185,0.0365246529096273,0.0383177694447928,0.0390934566077638,0.0390789139486228,4,0.01,1
0,0.1126864552344379,0.1010572906901841,0.1000497461220201,0.1007626403465306,0.1061655255389689,0.0971666395620216,0.1225651289345798,0.0811407918407568,0.089841946163962,0.0765277193868439,0.0520476852887219,0.0520476851964951,0.0520476851964951,0.0520476851964951,0.0520476851964951,0.0481262426892611,0.0539322554368138,0.0956394938726473,0.0509862005772079,0.0522884168284573,0.0730308554151259,0.0729963254308265,0.0729963254308265,0.0729963254308265,0.0729963254308265,0.0522646713358339,0.0571580110512788,0.0597102967232153,0.0575011002915213,0,0.05,1
0,0.1066816024933499,0.0951821732693258,0.0942228755331373,0.0949049856001103,0.1000098944702798,0.0922668470036821,0.1219346982086744,0.0800436803495573,0.0893078021429086,0.0758304056754662,0.0524661549943839,0.05246615591147,0.05246615591147,0.05246615591147,0.05246615591147,0.049551394089477,0.0542856684841695,0.0949143581858279,0.0521383386320801,0.0520144277718794,0.0727901524717778,0.0727979352924146,0.0727979352924146,0.0727979352924146,0.0727979352924146,0.0539318097468818,0.0581929681509411,0.0602986901478858,0.0584426696384401,1,0.05,1
0,0.1160766079910768,0.103722660960215,0.1027046729511425,0.1034277891794603,0.1092269464675053,0.0990031492975325,0.1182976812024855,0.0793742021303023,0.0879682785847934,0.0753564351804313,0.0523045630445063,0.0523045630115357,0.0523045630115357,0.0523045630115357,0.0523045630115357,0.0499224668158754,0.0547329329518217,0.0951695098753658,0.0526582691782904,0.0527029475074,0.0716342717912339,0.071623117800803,0.071623117800803,0.071623117800803,0.071623117800803,0.0536794433602757,0.0586465885005137,0.060019347713281,0.0587414958637576,2,0.05,1
0,0.120599223317133,0.1068795504991661,0.1057933721318176,0.1065479411329559,0.1129623179110342,0.1003370151850253,0.1218978282297124,0.0797670332363,0.0903298037941241,0.0757926139860533,0.0523041546576463,0.0523041584614508,0.0523041584614508,0.0523041584614508,0.0523041584614508,0.0485040599874529,0.0536587211587867,0.0964133439745876,0.0508397142694349,0.0513839793040623,0.0729757131698863,0.0729756339408483,0.0729756339408483,0.0729756339408483,0.0729756339408483,0.0530711076338065,0.0583182555536354,0.0608797477537519,0.0589566550827399,3,0.05,1
0,0.1227318730061459,0.109127893058122,0.1080510597992154,0.1088150358465586,0.1150951384096095,0.1035191995453934,0.1212246008942377,0.0796727480590544,0.0873556871268308,0.0748624565604301,0.0520383645880077,0.0520383654444302,0.0520383654444302,0.0520383654444302,0.0520383654444302,0.0503577843783246,0.0552848720418168,0.0937391300224073,0.0525090120812243,0.0532502753431531,0.0712489107161158,0.0712601647120997,0.0712601647120997,0.0712601647120997,0.0712601647120997,0.0541494685926651,0.0592034742821497,0.060757138177785,0.0594876903399875,4,0.05,1
0,0.1315004030573427,0.1194937910187724,0.1184583125990746,0.1191787268496165,0.1251373206268254,0.1148495138470176,0.1159640721766818,0.0922819688042121,0.0953942689883327,0.0912566366094639,0.0729163842698249,0.0729163874402587,0.0729163874402587,0.0729163874402587,0.0729163874402587,0.062256291455431,0.0701574260340272,0.1387742270886996,0.0668036024885491,0.0682581115275494,0.0951482404129179,0.0951474085550281,0.0951474085550281,0.0951474085550281,0.0951474085550281,0.0692558867601754,0.0753572926694072,0.0779240640571722,0.0748789968247976,0,0.1,1
0,0.1353987870890889,0.1226872371752064,0.1216051724239353,0.1223572347642923,0.1287060981121259,0.1161740491454313,0.1199718092539896,0.0944775746528768,0.1023449029821879,0.0951147129589471,0.0787980653323708,0.0787980695552571,0.0787980695552571,0.0787980695552571,0.0787980695552571,0.0655259612334749,0.0723718289323071,0.1425181261699655,0.0688552214288677,0.0687906310463313,0.1026704193528193,0.102675596763907,0.102675596763907,0.102675596763907,0.102675596763907,0.0734266895683097,0.0801171641597335,0.0825396460697779,0.0802029927990164,1,0.1,1
0,0.1421114409925557,0.129403264663264,0.1282298990561848,0.1290677434308187,0.1354956627829008,0.1239980946892358,0.1188297225789564,0.0936259886068021,0.102392318905098,0.0919659709217452,0.0769171340815389,0.0769171363240606,0.0769171363240606,0.0769171363240606,0.0769171363240606,0.0640738128991761,0.0727118254425608,0.1415292678815227,0.0674708830862687,0.0688744780048083,0.1017539295933029,0.1017807110129441,0.1017807110129441,0.1017807110129441,0.1017807110129441,0.0721586991977483,0.0801652169850436,0.0825634642786649,0.0796519078253709,2,0.1,1
0,0.1241160273720545,0.1125366792851515,0.1114352027587877,0.1122119627653082,0.1179141291334587,0.1078195427035912,0.1167793947150555,0.0920926670784039,0.0998207404133346,0.0909796791972915,0.0729278720627509,0.0729278745335571,0.0729278745335571,0.0729278745335571,0.0729278745335571,0.0626482085166543,0.0690208734896284,0.1312124276654809,0.0661647219205288,0.0662163844945145,0.0960450930116043,0.0960639967405255,0.0960639967405255,0.0960639967405255,0.0960639967405255,0.0694726254876382,0.0755566630113461,0.0771670675463897,0.0752389186645965,3,0.1,1
0,0.1387752887881907,0.1261464578381859,0.1250328731917779,0.125806309094813,0.1321120328550541,0.120380176651116,0.1172547105043881,0.0919277834489109,0.099996468253935,0.0908528115916594,0.0762045258499734,0.0762045286180341,0.0762045286180341,0.0762045286180341,0.0762045286180341,0.063910768279131,0.072184445757607,0.1370984243281734,0.0669890793008799,0.067558489395231,0.1012665215120409,0.1012812758411898,0.1012812758411898,0.1012812758411898,0.1012812758411898,0.0706263770751293,0.0793037593664404,0.0813497792165827,0.078998421312216,4,0.1,1
0,0.0991212825229708,0.0796849557019099,0.0797106690232381,0.0800969091219222,0.0824668400354113,0.0828579229617155,0.0801677642229821,0.0801677642229821,0.0818100697030739,0.0813920013117439,0.0801677642229821,0.0801677642229821,0.0801677642229821,0.0801677642229821,0.0801677642229821,0.0814844595151991,0.0812709339177578,0.0817122856269781,0.0815236537268541,0.0812015776556382,0.0801677642229821,0.0801677642229821,0.0801677642229821,0.0801677642229821,0.0801677642229821,0.0811860874277396,0.0821056699769639,0.0824039462081495,,0,0.0,4
0,0.0991212825229708,0.0796849557019099,0.0797106690232381,0.0800969091219222,0.0824668400354113,0.0828579229617155,0.0801677642229821,0.0801677642229821,0.0818100697030739,0.0813920013117439,0.0801677642229821,0.0801677642229821,0.0801677642229821,0.0801677642229821,0.0801677642229821,0.0814844595151991,0.0812709339177578,0.0817122856269781,0.0815236537268541,0.0812015776556382,0.0801677642229821,0.0801677642229821,0.0801677642229821,0.0801677642229821,0.0801677642229821,0.0811860874277396,0.0821056699769639,0.0824039462081495,,1,0.0,4
0,0.0991212825229708,0.0796849557019099,0.0797106690232381,0.0800969091219222,0.0824668400354113,0.0828579229617155,0.0801677642229821,0.0801677642229821,0.0818100697030739,0.0813920013117439,0.0801677642229821,0.0801677642229821,0.0801677642229821,0.0801677642229821,0.0801677642229821,0.0814844595151991,0.0812709339177578,0.0817122856269781,0.0815236537268541,0.0812015776556382,0.0801677642229821,0.0801677642229821,0.0801677642229821,0.0801677642229821,0.0801677642229821,0.0811860874277396,0.0821056699769639,0.0824039462081495,,2,0.0,4
0,0.0991212825229708,0.0796849557019099,0.0797106690232381,0.0800969091219222,0.0824668400354113,0.0828579229617155,0.0801677642229821,0.0801677642229821,0.0818100697030739,0.0813920013117439,0.0801677642229821,0.0801677642229821,0.0801677642229821,0.0801677642229821,0.0801677642229821,0.0814844595151991,0.0812709339177578,0.0817122856269781,0.0815236537268541,0.0812015776556382,0.0801677642229821,0.0801677642229821,0.0801677642229821,0.0801677642229821,0.0801677642229821,0.0811860874277396,0.0821056699769639,0.0824039462081495,,3,0.0,4
0,0.0991212825229708,0.0796849557019099,0.0797106690232381,0.0800969091219222,0.0824668400354113,0.0828579229617155,0.0801677642229821,0.0801677642229821,0.0818100697030739,0.0813920013117439,0.0801677642229821,0.0801677642229821,0.0801677642229821,0.0801677642229821,0.0801677642229821,0.0814844595151991,0.0812709339177578,0.0817122856269781,0.0815236537268541,0.0812015776556382,0.0801677642229821,0.0801677642229821,0.0801677642229821,0.0801677642229821,0.0801677642229821,0.0811860874277396,0.0821056699769639,0.0824039462081495,,4,0.0,4
0,0.1008304526568274,0.080481138480725,0.0804896030083505,0.0808821856038565,0.0834793942938972,0.0834567447829353,0.089257719988445,0.0824594294974703,0.0843548079195152,0.0819685457833907,0.0804040367056434,0.0804040367056434,0.0804040367056434,0.0804040367056434,0.0804040367056434,0.0822191181019016,0.0818709851016682,0.0820053099737245,0.082148274706775,0.0819509756369276,0.0824334010532061,0.0824334010532061,0.0824334010532061,0.0824334010532061,0.0824334010532061,0.0820310185013322,0.0828633180026701,0.0831467823608475,,0,0.001,4
0,0.0995977419867195,0.0799291877443159,0.0799013288376283,0.0802596303993555,0.0826689370685267,0.0833180482038652,0.0861895590517358,0.0815186876243497,0.0827224513347763,0.0815566196492217,0.0800781594199768,0.0800781594199768,0.0800781594199768,0.0800781594199768,0.0800781594199768,0.0814279862450551,0.0815109428768611,0.081428185222806,0.0816167697920134,0.0812390633113286,0.0804591688096535,0.0804591688096535,0.0804591688096535,0.0804591688096535,0.0804591688096535,0.0817169588059826,0.0824948344480868,0.0823026804007726,,1,0.001,4
0,0.1093841901377591,0.0840362322179335,0.0839539753369561,0.0843272835911576,0.0887856903180764,0.0873200121577246,0.088304413322396,0.0826091063734505,0.0844233400141201,0.0823992241404577,0.0805437251055993,0.0805437251055993,0.0805437251055993,0.0805437251055993,0.0805437251055993,0.0826227138384649,0.0821827331215937,0.0826409128545851,0.0824651337039016,0.0825107991546977,0.0819287793817785,0.0819287793817785,0.0819287793817785,0.0819287793817785,0.0819287793817785,0.0826724906480892,0.0832028592802433,0.0838402765421798,,2,0.001,4
0,0.0994002683061059,0.0799715745658021,0.0799795531137388,0.0803457419431833,0.0828003135978437,0.0829752906080305,0.0874349976602718,0.0823304749421018,0.084702279889183,0.0824672642460608,0.0806816764159094,0.0806816764159094,0.0806816764159094,0.0806816764159094,0.0806816764159094,0.0837721054974827,0.0825424158048465,0.083793161719776,0.0835211118341128,0.0835888112964736,0.0832615250996617,0.0832615250996617,0.0832615250996617,0.0832615250996617,0.0832615250996617,0.082840728903891,0.0836759188110789,0.0853632681080896,,3,0.001,4
0,0.1009108782183033,0.0805048806974331,0.0804688051715674,0.0808399765630105,0.0834296114990815,0.0833642938843193,0.0892915550163631,0.0825525335572664,0.0854593532649039,0.0826042072288432,0.0806604122214216,0.0806604122214216,0.0806604122214216,0.0806604122214216,0.0806604122214216,0.0832134920210791,0.0826291366960668,0.0832819770284981,0.0830787157378381,0.0829561919771286,0.0830098948868025,0.0830098948868025,0.0830098948868025,0.0830098948868025,0.0830098948868025,0.083184738067012,0.0838886079007246,0.0841311645305678,,4,0.001,4
0,0.1085224888625866,0.0853189192701599,0.0851362240022193,0.0854005962641834,0.0891210121188994,0.0872007614303915,0.1088351538192951,0.0885913266063586,0.0927988804709907,0.0854445242459535,0.0823985739150133,0.0823985739150133,0.0823985739150133,0.0823985739150133,0.0823985739150133,0.0860017464072374,0.0845497001603007,0.0861665457080395,0.0862980625227244,0.0866008363087892,0.0895942273255853,0.0895942273255853,0.0895942273255853,0.0895942273255853,0.0895942273255853,0.0862194646262572,0.0871728198747382,0.0888957633283382,,0,0.005,4
0,0.12116378833384,0.0901650845340431,0.0899217269416023,0.0902038538719241,0.0966825220947191,0.0925827492391825,0.1072089132607724,0.0882893617569973,0.0932949122321971,0.0855888458498199,0.0819026376502874,0.0819026376502874,0.0819026376502874,0.0819026376502874,0.0819026376502874,0.0860603861880278,0.0843739851223739,0.0856473689811952,0.0858460499843494,0.0859768708062304,0.0885776815005641,0.0885776815005641,0.0885776815005641,0.0885776815005641,0.0885776815005641,0.0856318043754838,0.0863115576176031,0.0883682366045099,,1,0.005,4
0,0.1057710919415274,0.0857545098554893,0.0855964372385103,0.0858027882296837,0.0887824958761942,0.0878870470280189,0.1068971057436443,0.0881942235762436,0.0924768154179732,0.0851113728278172,0.0822433160246124,0.0822433160246124,0.0822433160246124,0.0822433160246124,0.0822433160246124,0.0857432340802634,0.0843744001926931,0.0853935487769746,0.085472937478722,0.0855027745115014,0.0891607347253154,0.0891607347253154,0.0891607347253154,0.0891607347253154,0.0891607347253154,0.0855713435149905,0.0867177984352927,0.0877859378501716,,2,0.005,4
0,0.1052770229861164,0.0838164696052611,0.0836934227397055,0.0839454998019806,0.0870318760416626,0.0866034810641123,0.1082189606163193,0.0871706955593853,0.0933130556525009,0.085799567161757,0.081580669299827,0.081580669299827,0.081580669299827,0.081580669299827,0.081580669299827,0.0865517579183883,0.0848652017087396,0.0858953776626491,0.0862158546057466,0.0864199884703419,0.0894631796265404,0.0894631796265404,0.0894631796265404,0.0894631796265404,0.0894631796265404,0.0867759006875383,0.0874444841232762,0.0882844410221823,,3,0.005,4
0,0.1045524100853088,0.0848186818029974,0.0846431312039857,0.0848243734778169,0.0878956321902569,0.0868431826733451,0.1118128255017189,0.0898460407739594,0.0926510864541252,0.0859057173119148,0.0819092285976825,0.0819092285976825,0.0819092285976825,0.0819092285976825,0.0819092285976825,0.0853550482897151,0.0845000939526104,0.0850920496911231,0.085517345918272,0.0851075012560659,0.0881075795430759,0.0881075795430759,0.0881075795430759,0.0881075795430759,0.0881075795430759,0.0861878016277229,0.0867950505459008,0.0865474195215807,,4,0.005,4
0,0.1128896070156509,0.0883242376066431,0.0879773803858817,0.0881528505530985,0.0925846903875967,0.0898198922346981,0.1219313655821188,0.0926487138646375,0.100885188623103,0.0890077607377891,0.083468364637562,0.083468364637562,0.083468364637562,0.083468364637562,0.083468364637562,0.0889496685763191,0.0879204116796225,0.0884823503639155,0.0888850035408329,0.0890290298594246,0.0932232967491216,0.0932232967491216,0.0932232967491216,0.0932232967491216,0.0932232967491216,0.0903004362967913,0.0906506170129015,0.0912726165987366,,0,0.01,4
0,0.1208148166118629,0.0924680283177388,0.0921335523824745,0.0922873923797172,0.0981540854963238,0.0933226170904705,0.1224477740857651,0.0943680231257226,0.1013455007322778,0.0898351050877465,0.0837813913150597,0.0837813913150597,0.0837813913150597,0.0837813913150597,0.0837813913150597,0.0891966668880902,0.0879789500188652,0.0888094723470069,0.0893982412820566,0.0892979625269945,0.0930271659318292,0.0930271659318292,0.0930271659318292,0.0930271659318292,0.0930271659318292,0.0899314831197475,0.0904672417822203,0.0919478391727314,,1,0.01,4
0,0.1095015265846317,0.0857424715817865,0.0854032718053604,0.085618249153942,0.0896011899526153,0.0883894429698995,0.1211754901249292,0.0933797358350174,0.1011765055083717,0.0894419215853333,0.0837166334032809,0.0837166334032809,0.0837166334032809,0.0837166334032809,0.0837166334032809,0.0895780021242908,0.0876169044909164,0.0891451309254456,0.0892631714554074,0.0897704485864923,0.0942150814660486,0.0942150814660486,0.0942150814660486,0.0942150814660486,0.0942150814660486,0.0898983471470063,0.0906972190810422,0.0925414981700616,,2,0.01,4
0,0.1148956832214355,0.0904572623660249,0.0900712947493354,0.0901613805846007,0.0947985484377045,0.091457841045941,0.1209286636307527,0.0947682606188164,0.1020109233370065,0.090634653539074,0.0842055402815889,0.0842055402815889,0.0842055402815889,0.0842055402815889,0.0842055402815889,0.0903003201814233,0.0878322551741246,0.0896292549522211,0.0899906810949014,0.0901740262668904,0.09520101978705,0.09520101978705,0.09520101978705,0.09520101978705,0.09520101978705,0.0904174827133752,0.0910357414026384,0.0930774848424799,,3,0.01,4
0,0.1095683723405458,0.0870167829476546,0.0867613334573014,0.086908809157174,0.0907294697828895,0.0895586582249117,0.1208956434481279,0.0936239415214433,0.0997969670395527,0.089035272743935,0.0829864445114185,0.0829864445114185,0.0829864445114185,0.0829864445114185,0.0829864445114185,0.0884984635270488,0.0868488579442827,0.0881467410173097,0.0884491839919595,0.0886970216757919,0.0914217223416621,0.0914217223416621,0.0914217223416621,0.0914217223416621,0.0914217223416621,0.0895942271434223,0.0899495363947883,0.0904733451728769,,4,0.01,4
0,0.1432808282802159,0.1104417015801021,0.1092452355246513,0.1088695856353655,0.1164389009604109,0.1093071681891858,0.142153960659176,0.1091526506147601,0.1227247816182705,0.1055094139085114,0.0912861986881615,0.0912861986881615,0.0912861986881615,0.0912861986881615,0.0912861986881615,0.0961596173097198,0.094679250052852,0.09630779784166,0.096550405462932,0.0963786963441163,0.1071873463483641,0.1071873463483641,0.1071873463483641,0.1071873463483641,0.1071873463483641,0.0986236832095562,0.0972052851366316,0.0988552174808303,,0,0.05,4
0,0.1532386370196178,0.1136344900020573,0.1125214729726639,0.1121802009697954,0.1221989082985139,0.113644538820327,0.1399119203025645,0.1086682802067782,0.1256079871104352,0.1073785777117519,0.091442676637464,0.091442676637464,0.091442676637464,0.091442676637464,0.091442676637464,0.0966398422488758,0.0952994776997351,0.0963146475857048,0.0964911241857533,0.096995130177249,0.1059602845144321,0.1059602845144321,0.1059602845144321,0.1059602845144321,0.1059602845144321,0.0991000881435325,0.0974553030561427,0.0998291351659583,,1,0.05,4
0,0.1447887477461102,0.1123034168275371,0.1113304444531421,0.1109099676441524,0.1192723835810603,0.111550671818149,0.1446836488820387,0.1111902851152148,0.1245440923991957,0.1058778064817834,0.0920685641015679,0.0920685641015679,0.0920685641015679,0.0920685641015679,0.0920685641015679,0.0973739279205244,0.0962853816641495,0.0974669779215461,0.0979775737144818,0.0977274402737188,0.106831991758141,0.106831991758141,0.106831991758141,0.106831991758141,0.106831991758141,0.0998169650116233,0.0991693828066656,0.1001425818825823,,2,0.05,4
0,0.1493864145532543,0.1144791170241767,0.113402196541257,0.1129241304475205,0.1225110289642994,0.1114542699787404,0.1420678423930979,0.1093817811433892,0.1264052549070099,0.1074023536096376,0.0906012484454622,0.0906012484454622,0.0906012484454622,0.0906012484454622,0.0906012484454622,0.0951236956849479,0.0942958789831066,0.0954459530252292,0.0956477260851346,0.095416904595197,0.1062112604040907,0.1062112604040907,0.1062112604040907,0.1062112604040907,0.1062112604040907,0.0978951089332525,0.0965872445145517,0.0982957259745199,,3,0.05,4
0,0.1443924891223391,0.1109088731743307,0.1096742915788609,0.1092655632246639,0.1173111604047663,0.1107697224548879,0.1452778877586614,0.1115589692711721,0.1254545371830512,0.1077536127206011,0.0935275574075675,0.0935275574075675,0.0935275574075675,0.0935275574075675,0.0935275574075675,0.096210943849678,0.0960511977354267,0.0969520649467506,0.09785854079168,0.0970491916946951,0.1076734709531776,0.1076734709531776,0.1076734709531776,0.1076734709531776,0.1076734709531776,0.0991707695844565,0.098672300668491,0.0993492266704682,,4,0.05,4
0,0.1677373254841314,0.1312637943858873,0.1297049630466099,0.1289797797600888,0.1398146904064224,0.1286726366845386,0.1446971751189703,0.1228246308683711,0.1402470635246146,0.1181545118698744,0.1046777188008637,0.1046777188008637,0.1046777188008637,0.1046777188008637,0.1046777188008637,0.1040362077748681,0.1061545366646415,0.1054909415190164,0.1064689974452391,0.1056825334911903,0.1232850620083477,0.1232850620083477,0.1232850620083477,0.1232850620083477,0.1232850620083477,0.1088889605056171,0.1063706520746224,0.1085731959627114,,0,0.1,4
0,0.1675185972698751,0.1283846921728438,0.1270316159255771,0.1264462643844361,0.1379266392770956,0.1251562868681344,0.1427179249764378,0.1198097052881854,0.1392256524565223,0.1150562980874598,0.1015937943251404,0.1015937943251404,0.1015937943251404,0.1015937943251404,0.1015937943251404,0.1027333804097861,0.1046064816165504,0.102923513970213,0.1045477519481389,0.1031977580371194,0.1201630492278837,0.1201630492278837,0.1201630492278837,0.1201630492278837,0.1201630492278837,0.1077294719224663,0.1039577532262227,0.106688643358726,,1,0.1,4
0,0.1603027851416147,0.1276142114213908,0.1263055581500774,0.1256087998285606,0.1347153876685363,0.1277749043191896,0.1420216723015489,0.1193326674101788,0.1386854186802876,0.1157652733869613,0.1017240147506703,0.1017240147506703,0.1017240147506703,0.1017240147506703,0.1017240147506703,0.1035833065534938,0.1047064878056518,0.1039767885480655,0.1054657645747953,0.1049043861007413,0.1199587704040978,0.1199587704040978,0.1199587704040978,0.1199587704040978,0.1199587704040978,0.1094194928260638,0.1053409826457924,0.1086415202403295,,2,0.1,4
0,0.1533059747336912,0.1226597936500644,0.1212464693445711,0.1206141410444669,0.1295947144815211,0.1213200269399138,0.1438197345224457,0.1195800063066864,0.137971473498412,0.1154285088651718,0.1019852104744888,0.1019852104744888,0.1019852104744888,0.1019852104744888,0.1019852104744888,0.1019356555789652,0.1034094847910413,0.1019341766656086,0.1039974977801443,0.102580025319078,0.1186795705211862,0.1186795705211862,0.1186795705211862,0.1186795705211862,0.1186795705211862,0.1068131386614099,0.1032860538297331,0.1055799489463604,,3,0.1,4
0,0.1705660028370879,0.133073623824748,0.1314641447953902,0.1307988709058394,0.1419782797976209,0.1313153408102962,0.1457875235986871,0.1207709200881884,0.1397258219048164,0.1175085124189536,0.1028921346772852,0.1028921346772852,0.1028921346772852,0.1028921346772852,0.1028921346772852,0.1031352340825513,0.105114738062011,0.1035107325680765,0.1054012882465547,0.1033328778580644,0.1198055923512064,0.1198055923512064,0.1198055923512064,0.1198055923512064,0.1198055923512064,0.1077767426818206,0.1046813860166851,0.1067059553496746,,4,0.1,4
0,0.1551314124940661,0.1212173147858452,0.1212624079536877,0.1214997653112018,0.1279947376150329,0.1168642770271569,0.1219608805796593,0.1219608805796593,0.1185624109721183,0.1186607869584331,0.1219608805796593,0.1219608805796593,0.1219608805796593,0.1219608805796593,0.1219608805796593,0.1176548221859805,0.1191044372010258,0.1192097764544895,0.1181292335584298,0.1199958507618472,0.1219608805796593,0.1219608805796593,0.1219608805796593,0.1219608805796593,0.1219608805796593,0.1214658822626632,,,,0,0.0,8
0,0.1551314124940661,0.1212173147858452,0.1212624079536877,0.1214997653112018,0.1279947376150329,0.1168642770271569,0.1219608805796593,0.1219608805796593,0.1185624109721183,0.1186607869584331,0.1219608805796593,0.1219608805796593,0.1219608805796593,0.1219608805796593,0.1219608805796593,0.1176548221859805,0.1191044372010258,0.1192097764544895,0.1181292335584298,0.1199958507618472,0.1219608805796593,0.1219608805796593,0.1219608805796593,0.1219608805796593,0.1219608805796593,0.1214658822626632,,,,1,0.0,8
0,0.1551314124940661,0.1212173147858452,0.1212624079536877,0.1214997653112018,0.1279947376150329,0.1168642770271569,0.1219608805796593,0.1219608805796593,0.1185624109721183,0.1186607869584331,0.1219608805796593,0.1219608805796593,0.1219608805796593,0.1219608805796593,0.1219608805796593,0.1176548221859805,0.1191044372010258,0.1192097764544895,0.1181292335584298,0.1199958507618472,0.1219608805796593,0.1219608805796593,0.1219608805796593,0.1219608805796593,0.1219608805796593,0.1214658822626632,,,,2,0.0,8
0,0.1551314124940661,0.1212173147858452,0.1212624079536877,0.1214997653112018,0.1279947376150329,0.1168642770271569,0.1219608805796593,0.1219608805796593,0.1185624109721183,0.1186607869584331,0.1219608805796593,0.1219608805796593,0.1219608805796593,0.1219608805796593,0.1219608805796593,0.1176548221859805,0.1191044372010258,0.1192097764544895,0.1181292335584298,0.1199958507618472,0.1219608805796593,0.1219608805796593,0.1219608805796593,0.1219608805796593,0.1219608805796593,0.1214658822626632,,,,3,0.0,8
0,0.1551314124940661,0.1212173147858452,0.1212624079536877,0.1214997653112018,0.1279947376150329,0.1168642770271569,0.1219608805796593,0.1219608805796593,0.1185624109721183,0.1186607869584331,0.1219608805796593,0.1219608805796593,0.1219608805796593,0.1219608805796593,0.1219608805796593,0.1176548221859805,0.1191044372010258,0.1192097764544895,0.1181292335584298,0.1199958507618472,0.1219608805796593,0.1219608805796593,0.1219608805796593,0.1219608805796593,0.1219608805796593,0.1214658822626632,,,,4,0.0,8
0,0.1567744352248447,0.1219475715571474,0.12195808296582,0.1221559096605469,0.1286220344685524,0.1171831644895895,0.1273661402164434,0.1230231524108124,0.1196584782053385,0.119367885636487,0.1222304622768756,0.1222304622768756,0.1222304622768756,0.1222304622768756,0.1222304622768756,0.1182126198073248,0.1189429575318045,0.1188501411308969,0.1187139069042954,0.1201520789496704,0.1229322185464844,0.1229322185464844,0.1229322185464844,0.1229322185464844,0.1229322185464844,0.1217572773208823,,,,0,0.001,8
0,0.1562474418942962,0.1217531651924239,0.1217700637926099,0.1219776516035733,0.1284577377351543,0.1173803048899862,0.1278135275050271,0.1227665133113414,0.1184707700317804,0.1186361472328566,0.1221474581989088,0.1221474581989088,0.1221474581989088,0.1221474581989088,0.1221474581989088,0.1174745330421747,0.1189443276240063,0.118524719543865,0.1176771730962399,0.1192790195423558,0.1228005607853991,0.1228005607853991,0.1228005607853991,0.1228005607853991,0.1228005607853991,0.1211139900115906,,,,1,0.001,8
0,0.1554610955134085,0.1215303324137612,0.1215532756858128,0.1217623337854901,0.1282455567269468,0.1169450399515174,0.1269290039092698,0.1226103179019727,0.1190820432205893,0.1191319359792615,0.1220904867248134,0.1220904867248134,0.1220904867248134,0.1220904867248134,0.1220904867248134,0.118193928446211,0.119395373849104,0.1192251659473465,0.1184089161455697,0.1198980854085334,0.123167114431948,0.123167114431948,0.123167114431948,0.123167114431948,0.123167114431948,0.1215598465518924,,,,2,0.001,8
0,0.1580312799575522,0.1223551093297065,0.1223823370012201,0.1226014323158507,0.1292709976177102,0.1176493837009526,0.1287163963590563,0.1243885138572172,0.1208770000614823,0.1204446628901132,0.1226909560034402,0.1226909560034402,0.1226909560034402,0.1226909560034402,0.1226909560034402,0.1197377909717215,0.119941756273889,0.1201234722958782,0.1199236127247158,0.1209796919173494,0.1245171701625216,0.1245171701625216,0.1245171701625216,0.1245171701625216,0.1245171701625216,0.123077685136807,,,,3,0.001,8
0,0.1553590941111205,0.1216700106735535,0.1216923528318201,0.1218809945287879,0.1283588662291161,0.1172871354048405,0.127790266219759,0.1230640544702154,0.1195896602514673,0.11920158152415,0.1223137387075683,0.1223137387075683,0.1223137387075683,0.1223137387075683,0.1223137387075683,0.1187019953772545,0.1199495052301324,0.1197926892309728,0.1190921155207764,0.1206070638644451,0.1237278512432384,0.1237278512432384,0.1237278512432384,0.1237278512432384,0.1237278512432384,0.1222564028835634,,,,4,0.001,8
0,0.160713806159846,0.1248168999064305,0.1247386721116598,0.1247890085082395,0.1317945953951715,0.1199338029533584,0.146844412713933,0.1279296237549771,0.1242609438466898,0.12336802848258,0.1235933829982856,0.1235933829982856,0.1235933829982856,0.1235933829982856,0.1235933829982856,0.1227838545720472,0.1224962973056732,0.1224938744059984,0.1218100148429646,0.1227937584546573,0.1290649495271688,0.1290649495271688,0.1290649495271688,0.1290649495271688,0.1290649495271688,0.1253509126994428,,,,0,0.005,8
0,0.1602691269591544,0.1231644416558861,0.1231075058952141,0.1232911742092615,0.1300798915060619,0.1187906870631115,0.1443753956155201,0.126809935856119,0.1238106120657754,0.1221350946715285,0.1234576091420478,0.1234576091420478,0.1234576091420478,0.1234576091420478,0.1234576091420478,0.1217644324398813,0.1216184751833053,0.1203762706121268,0.12000265729055,0.1216645454888174,0.1300683564077659,0.1300683564077659,0.1300683564077659,0.1300683564077659,0.1300683564077659,0.1246178451696998,,,,1,0.005,8
0,0.1605154503059458,0.1245343003780914,0.1244838041019678,0.1245606673381936,0.131644680521406,0.1213846617172855,0.1452339431476713,0.1266533736532327,0.1260211764580163,0.1232578354639511,0.1239013736764584,0.1239013736764584,0.1239013736764584,0.1239013736764584,0.1239013736764584,0.1225951762156803,0.1232946580037305,0.1213076737847373,0.122018160387505,0.1228197061719087,0.1300256745846359,0.1300256745846359,0.1300256745846359,0.1300256745846359,0.1300256745846359,0.1262863095600798,,,,2,0.005,8
0,0.1612896178404244,0.1234284245015316,0.12334039894209,0.123508025622061,0.1304721579747506,0.1196596060455048,0.1436622419555843,0.1273722009627928,0.1249961728105747,0.1229276226592833,0.1241703299624631,0.1241703299624631,0.1241703299624631,0.1241703299624631,0.1241703299624631,0.1234081199957071,0.1236665982313556,0.1225048016293291,0.122633576415755,0.1243189914587346,0.1307841547089233,0.1307841547089233,0.1307841547089233,0.1307841547089233,0.1307841547089233,0.1260273022758412,,,,3,0.005,8
0,0.1650017654082533,0.1247432016771831,0.1246479046550838,0.1247487361240941,0.1323262655550846,0.1223651621121186,0.1443101069816799,0.1271496314193619,0.1247784692851191,0.1215512620135347,0.123448346306201,0.123448346306201,0.123448346306201,0.123448346306201,0.123448346306201,0.1219671626087589,0.1210788740563632,0.1199420519082234,0.1205765284666721,0.1211872444730989,0.1282245912206253,0.1282245912206253,0.1282245912206253,0.1282245912206253,0.1282245912206253,0.1238074834339196,,,,4,0.005,8
0,0.1635787460659988,0.1263938142886841,0.1262100856893299,0.1261582548340711,0.1333031175685072,0.1232878593652398,0.1601158856210416,0.130763014058218,0.1286033078289695,0.1261415955243829,0.124686219560037,0.124686219560037,0.124686219560037,0.124686219560037,0.124686219560037,0.1255435072528522,0.1243925094128803,0.1236082681212118,0.1231005703618394,0.1238890438876142,0.1343169179586279,0.1343169179586279,0.1343169179586279,0.1343169179586279,0.1343169179586279,0.127806439949615,,,,0,0.01,8
0,0.1663210555967039,0.1274215324150977,0.1272566117688993,0.1271922461809525,0.1352306625524441,0.123770453578319,0.1595126271404693,0.1307995936128619,0.1283194374143781,0.1264450060935208,0.1250527921862668,0.1250527921862668,0.1250527921862668,0.1250527921862668,0.1250527921862668,0.1244076323901281,0.1237203668920801,0.1228421436420634,0.1231996931733173,0.1238484013914159,0.133921715994009,0.133921715994009,0.133921715994009,0.133921715994009,0.133921715994009,0.1270689596592111,,,,1,0.01,8
0,0.1679725659074385,0.1261577339668755,0.1260059712743911,0.1260632216424956,0.1336869749219853,0.1212804929910117,0.1607438982264302,0.1282052622744386,0.1291848488906043,0.1247580788697502,0.1239776186849251,0.1239776186849251,0.1239776186849251,0.1239776186849251,0.1239776186849251,0.124135335276472,0.1236971247647591,0.1221776052035751,0.1225360455044606,0.122170569343753,0.1337759351963937,0.1337759351963937,0.1337759351963937,0.1337759351963937,0.1337759351963937,0.1265886342711953,,,,2,0.01,8
0,0.1693924038311025,0.1272704316900063,0.1270848954770215,0.1271129828014676,0.1355613603213845,0.1235047014409983,0.1621602206361079,0.1322430244512666,0.1292789282248811,0.1256523683690605,0.1263190007132221,0.1263190007132221,0.1263190007132221,0.1263190007132221,0.1263190007132221,0.1257631800661662,0.124425409684872,0.1242226923324232,0.1240082238599044,0.1251571530344145,0.1349697782437416,0.1349697782437416,0.1349697782437416,0.1349697782437416,0.1349697782437416,0.1274600068447974,,,,3,0.01,8
0,0.1635509688193815,0.1259493783731891,0.1258118525042579,0.1258823509630051,0.1332073631644025,0.1222673487876317,0.1576571537938019,0.1306174660494905,0.1284400944286501,0.1243985104491968,0.1255086719097969,0.1255086719097969,0.1255086719097969,0.1255086719097969,0.1255086719097969,0.1244676181048768,0.1233481592693949,0.1228988608642309,0.1226778296396393,0.1223405903572931,0.133593481981827,0.133593481981827,0.133593481981827,0.133593481981827,0.133593481981827,0.1262608348791828,,,,4,0.01,8
0,0.2023976862764895,0.1454551258541041,0.1446913481168423,0.1440712531699115,0.1569457508217385,0.1412426150260565,0.1908572415922826,0.1441661397046711,0.14443730771169,0.1381800793448365,0.1318376760167645,0.1318376760167645,0.1318376760167645,0.1318376760167645,0.1318376760167645,0.1290457884702435,0.1286564230191187,0.1286103207266,0.1286877077783824,0.1285940556922054,0.1425671374833886,0.1425671374833886,0.1425671374833886,0.1425671374833886,0.1425671374833886,0.1310589766263382,,,,0,0.05,8
0,0.2050556738089975,0.1458508018008068,0.1451080311783193,0.1445788794460532,0.1573041253147702,0.1448903908131962,0.1927910022588937,0.1427786931501515,0.1445263090433869,0.1371227330948515,0.1307313880287628,0.1307313880287628,0.1307313880287628,0.1307313880287628,0.1307313880287628,0.1294643505749513,0.1292466221408104,0.1302968023373961,0.1289987186588481,0.1288788777516239,0.1420342552066782,0.1420342552066782,0.1420342552066782,0.1420342552066782,0.1420342552066782,0.1311263091291187,,,,1,0.05,8
0,0.1929709522774475,0.1421125944387069,0.1412765769232868,0.1407232282071088,0.1509171146758769,0.1380037513842556,0.1922081397210437,0.1424896405032504,0.144675348063899,0.1377704066918042,0.1318183622589492,0.1318183622589492,0.1318183622589492,0.1318183622589492,0.1318183622589492,0.1295518577989132,0.1286455229010452,0.1296224596157058,0.1280370509539033,0.1285624945841357,0.143738118332858,0.143738118332858,0.143738118332858,0.143738118332858,0.143738118332858,0.1316255162845311,,,,2,0.05,8
0,0.1937877599566691,0.1422032260870864,0.1414535438333522,0.1409617337720842,0.1518108687469774,0.1352750389154502,0.1913778551404829,0.1444431905783995,0.1448886339114909,0.1380628831078957,0.1312881649466741,0.1312881649466741,0.1312881649466741,0.1312881649466741,0.1312881649466741,0.1299785873407092,0.1292783658679706,0.1303079512473484,0.128665159733046,0.1292957570215656,0.1427888291856047,0.1427888291856047,0.1427888291856047,0.1427888291856047,0.1427888291856047,0.1318958595742738,,,,3,0.05,8
0,0.1961061302100205,0.1413866009044503,0.1406021629825427,0.1399366214369374,0.1512123081839704,0.137660993410248,0.1926882746918241,0.1437928189278593,0.1432867273086052,0.1373912760671044,0.1330368405391572,0.1330368405391572,0.1330368405391572,0.1330368405391572,0.1330368405391572,0.1311784965194567,0.1302119921800649,0.1311361789338856,0.1300087331463692,0.1299858389877196,0.1446733095276322,0.1446733095276322,0.1446733095276322,0.1446733095276322,0.1446733095276322,0.1334881517227782,,,,4,0.05,8
0,0.2124436042541382,0.1550619561830991,0.1539696362274556,0.1528871758086513,0.1674586493500675,0.1499880069485042,0.1860379382180848,0.1499561986722422,0.1464308631469778,0.141511325615347,0.1382669538560281,0.1382669538560281,0.1382669538560281,0.1382669538560281,0.1382669538560281,0.1327240705605074,0.1328663845252548,0.1349931103432395,0.1325721363131205,0.1342442336702555,0.1489682120732918,0.1489682120732918,0.1489682120732918,0.1489682120732918,0.1489682120732918,0.1355697837240704,,,,0,0.1,8
0,0.2187416696678254,0.1557187244309027,0.1545743492569528,0.1536092705188013,0.1681665224891437,0.152170032373138,0.1886617140535114,0.152487329799163,0.1498040620014422,0.1434908665303574,0.1397193661241036,0.1397193661241036,0.1397193661241036,0.1397193661241036,0.1397193661241036,0.1337861908458902,0.1346816852789451,0.1376696124332134,0.1337563425820913,0.1358656068786948,0.149415941815861,0.149415941815861,0.149415941815861,0.149415941815861,0.149415941815861,0.1369873370535328,,,,1,0.1,8
0,0.2124526149109249,0.1551839569634603,0.1541562971595583,0.1532209154928428,0.1671866702304678,0.1471666555217482,0.189281986500917,0.1526696225326635,0.1511532371868005,0.146441489845286,0.1402465425685825,0.1402465425685825,0.1402465425685825,0.1402465425685825,0.1402465425685825,0.1351842557370378,0.1351026299021121,0.1381207308469708,0.1341313507275382,0.1359037441074877,0.1499210290664065,0.1499210290664065,0.1499210290664065,0.1499210290664065,0.1499210290664065,0.1367821217730728,,,,2,0.1,8
0,0.2021310833478378,0.1524544436511473,0.1513274481788169,0.1502175735355472,0.1627564545366127,0.1440890531872993,0.1886681247268543,0.1521519717687365,0.1497003492520592,0.1448327318279712,0.1405164453721353,0.1405164453721353,0.1405164453721353,0.1405164453721353,0.1405164453721353,0.1337891930478983,0.1348948611970965,0.1361860728487705,0.1337913909295887,0.1360609746575239,0.1504687708942976,0.1504687708942976,0.1504687708942976,0.1504687708942976,0.1504687708942976,0.1372558252445049,,,,3,0.1,8
0,0.2016962640458715,0.1505963186450152,0.149496483306401,0.1485459955581509,0.160581374703022,0.1441900845443039,0.1866351501407097,0.150287805024784,0.1481626759224058,0.1434553980079993,0.1382819169561717,0.1382819169561717,0.1382819169561717,0.1382819169561717,0.1382819169561717,0.133385071642398,0.1331130448643369,0.1351324440975591,0.1329812508064065,0.1337127339755769,0.1477645119492006,0.1477645119492006,0.1477645119492006,0.1477645119492006,0.1477645119492006,0.1353698317447058,,,,4,0.1,8
0,0.2383240714183231,0.1672755830814067,0.1679339595529229,0.1674933470456729,0.1732194185829721,0.1474091825666098,0.1688940975189851,0.1688940975189851,0.1480571562785136,0.1499078135896404,0.1688940975189851,0.1688940975189851,0.1688940975189851,0.1688940975189851,0.1688940975189851,0.1497057356776558,0.1522025146946734,0.1510530845397517,0.1503477191978135,0.150591083364069,0.1688940975189851,0.1688940975189851,0.1688940975189851,0.1688940975189851,0.1688940975189851,0.1476182961269173,0.150511324801783,,,0,0.0,16
0,0.2383240714183231,0.1672755830814067,0.1679339595529229,0.1674933470456729,0.1732194185829721,0.1474091825666098,0.1688940975189851,0.1688940975189851,0.1480571562785136,0.1499078135896404,0.1688940975189851,0.1688940975189851,0.1688940975189851,0.1688940975189851,0.1688940975189851,0.1497057356776558,0.1522025146946734,0.1510530845397517,0.1503477191978135,0.150591083364069,0.1688940975189851,0.1688940975189851,0.1688940975189851,0.1688940975189851,0.1688940975189851,0.1476182961269173,0.150511324801783,,,1,0.0,16
0,0.2383240714183231,0.1672755830814067,0.1679339595529229,0.1674933470456729,0.1732194185829721,0.1474091825666098,0.1688940975189851,0.1688940975189851,0.1480571562785136,0.1499078135896404,0.1688940975189851,0.1688940975189851,0.1688940975189851,0.1688940975189851,0.1688940975189851,0.1497057356776558,0.1522025146946734,0.1510530845397517,0.1503477191978135,0.150591083364069,0.1688940975189851,0.1688940975189851,0.1688940975189851,0.1688940975189851,0.1688940975189851,0.1476182961269173,0.150511324801783,,,2,0.0,16
0,0.2383240714183231,0.1672755830814067,0.1679339595529229,0.1674933470456729,0.1732194185829721,0.1474091825666098,0.1688940975189851,0.1688940975189851,0.1480571562785136,0.1499078135896404,0.1688940975189851,0.1688940975189851,0.1688940975189851,0.1688940975189851,0.1688940975189851,0.1497057356776558,0.1522025146946734,0.1510530845397517,0.1503477191978135,0.150591083364069,0.1688940975189851,0.1688940975189851,0.1688940975189851,0.1688940975189851,0.1688940975189851,0.1476182961269173,0.150511324801783,,,3,0.0,16
0,0.2383240714183231,0.1672755830814067,0.1679339595529229,0.1674933470456729,0.1732194185829721,0.1474091825666098,0.1688940975189851,0.1688940975189851,0.1480571562785136,0.1499078135896404,0.1688940975189851,0.1688940975189851,0.1688940975189851,0.1688940975189851,0.1688940975189851,0.1497057356776558,0.1522025146946734,0.1510530845397517,0.1503477191978135,0.150591083364069,0.1688940975189851,0.1688940975189851,0.1688940975189851,0.1688940975189851,0.1688940975189851,0.1476182961269173,0.150511324801783,,,4,0.0,16
0,0.2396805757719924,0.1679980779623508,0.1685888398537254,0.1681423499048698,0.1739405152862083,0.1479654844967587,0.1705153184137904,0.1695381847882006,0.1484368113832299,0.1504519634069879,0.1693192654311527,0.1693192654311527,0.1693192654311527,0.1693192654311527,0.1693192654311527,0.1496707039561229,0.1524266701629993,0.1509922615614322,0.1504166524664224,0.1508317228122765,0.1703658524530932,0.1703658524530932,0.1703658524530932,0.1703658524530932,0.1703658524530932,0.1485329329449094,0.1510927434545307,,,0,0.001,16
0,0.2386016765467107,0.167383951629358,0.167990002345613,0.1675621543595199,0.1733473116755846,0.1476878907084239,0.1712024825341116,0.1692904718767709,0.1491963041070971,0.1512244479735896,0.1691463680633095,0.1691463680633095,0.1691463680633095,0.1691463680633095,0.1691463680633095,0.1498020611977643,0.1520096127114332,0.1512454036998878,0.1505850832545319,0.150555523508005,0.1704540805159341,0.1704540805159341,0.1704540805159341,0.1704540805159341,0.1704540805159341,0.1485986882179745,0.1510747194005049,,,1,0.001,16
0,0.2385063762957685,0.1673599449615597,0.1679887963618797,0.1675479074602009,0.1732765129905259,0.1475652571961528,0.1710444928137598,0.1696743933799228,0.1495898970073485,0.15110623779032,0.1691782412761599,0.1691782412761599,0.1691782412761599,0.1691782412761599,0.1691782412761599,0.1499481806997925,0.1524700168187947,0.1514155644605083,0.1504315460090179,0.1513959191184175,0.171012048665193,0.171012048665193,0.171012048665193,0.171012048665193,0.171012048665193,0.1487881911119071,0.1512083841439045,,,2,0.001,16
0,0.2390018000779997,0.1674572133166757,0.1680772917985994,0.1676541113233917,0.1734088011342758,0.1476198165101304,0.1720759939235222,0.1700446861601976,0.149119430196251,0.1511954306627747,0.168946622204592,0.168946622204592,0.168946622204592,0.168946622204592,0.168946622204592,0.1497204181223015,0.1521986309943771,0.1513919739146695,0.1501783887254155,0.1507262299727311,0.1697642627042387,0.1697642627042387,0.1697642627042387,0.1697642627042387,0.1697642627042387,0.1482751823258994,0.150647276504218,,,3,0.001,16
0,0.2391059731826451,0.1675212433879699,0.1681266302784272,0.1677103275384279,0.1734310175555857,0.1475605835477075,0.1715623271577052,0.1693295670020767,0.1499239068719437,0.1510741125370285,0.1691531813185481,0.1691531813185481,0.1691531813185481,0.1691531813185481,0.1691531813185481,0.1499117369821005,0.151915045878307,0.1511180761504198,0.1503290819114004,0.1508225099348277,0.1696784698646967,0.1696784698646967,0.1696784698646967,0.1696784698646967,0.1696784698646967,0.148344329290219,0.1507219565230328,,,4,0.001,16
0,0.2427575378927956,0.1693005770835175,0.1696983283988186,0.1693190398143751,0.1751963059788035,0.1505208272065858,0.1811667864471835,0.1725720987443714,0.1531619423705693,0.1539317237219842,0.1707121108230294,0.1707121108230294,0.1707121108230294,0.1707121108230294,0.1707121108230294,0.150264153959213,0.1527463042227356,0.1508683047562097,0.1503122870782048,0.1520421983492088,0.1738170856519648,0.1738170856519648,0.1738170856519648,0.1738170856519648,0.1738170856519648,0.1507185710914637,0.1520958979231807,,,0,0.005,16
0,0.2414701698126569,0.1682566649580009,0.168675594057831,0.1682878197078647,0.1743026413178056,0.1489641219823765,0.177364409686521,0.1717558604388611,0.1517799428357819,0.1518569449673259,0.1702804441324695,0.1702804441324695,0.1702804441324695,0.1702804441324695,0.1702804441324695,0.1500250992733238,0.1521103656375161,0.150592174270028,0.1499370126713935,0.1516237194912342,0.1742837777914559,0.1742837777914559,0.1742837777914559,0.1742837777914559,0.1742837777914559,0.1505773618170763,0.1512404507132921,,,1,0.005,16
0,0.2420621870579975,0.1683528868010631,0.1687515642789263,0.1683631077411676,0.1742811829628674,0.1491791354631987,0.1765171956762556,0.1710756936329145,0.1497555288123543,0.1531503792568712,0.1704107797374878,0.1704107797374878,0.1704107797374878,0.1704107797374878,0.1704107797374878,0.1504086764560957,0.1523194784749528,0.150440256408997,0.1506924578442109,0.1521794825789309,0.1730270548472833,0.1730270548472833,0.1730270548472833,0.1730270548472833,0.1730270548472833,0.1505279649925694,0.1514035541711728,,,2,0.005,16
0,0.2421424777376163,0.1682833086713181,0.1687665314639527,0.1683334147398788,0.1745637630165892,0.1495916966989193,0.1783131190987151,0.172364806351706,0.1519595731854077,0.1541051745983298,0.1708787234636072,0.1708787234636072,0.1708787234636072,0.1708787234636072,0.1708787234636072,0.1499547737722945,0.1512460051923388,0.1513062603612201,0.1501728479764414,0.1518763787746423,0.1749383863131129,0.1749383863131129,0.1749383863131129,0.1749383863131129,0.1749383863131129,0.1509659731223891,0.1516471203367284,,,3,0.005,16
0,0.2419670050977546,0.1692146941190792,0.1695850302793529,0.1692238933744086,0.1751720297837981,0.1496030889304837,0.1781687024162382,0.1718092741204735,0.1535623887800168,0.1537893413274039,0.1700519061726809,0.1700519061726809,0.1700519061726809,0.1700519061726809,0.1700519061726809,0.1503536758733586,0.1521263578555775,0.1506594016498373,0.1503284403178887,0.1518711812562021,0.1728888773916394,0.1728888773916394,0.1728888773916394,0.1728888773916394,0.1728888773916394,0.1500025777536865,0.1513001991244443,,,4,0.005,16
0,0.2453450453628747,0.169950257039602,0.17025940007309,0.1698242594603139,0.1760942431906597,0.1503784335370405,0.1871402900785626,0.173513350040748,0.1563126614404192,0.155677612075047,0.1714058120653428,0.1714058120653428,0.1714058120653428,0.1714058120653428,0.1714058120653428,0.1497634315241613,0.1513045492668375,0.1506159302859819,0.1495431393209619,0.1522544689356166,0.1761823043931913,0.1761823043931913,0.1761823043931913,0.1761823043931913,0.1761823043931913,0.1520447512210642,0.1523910975838834,,,0,0.01,16
0,0.2482422311189652,0.1703936456424223,0.1705891507339577,0.1702464731543854,0.1764911432986352,0.1510878445584435,0.185405094221556,0.1743171841783306,0.1552570499555536,0.1569186855315263,0.1720678267116237,0.1720678267116237,0.1720678267116237,0.1720678267116237,0.1720678267116237,0.1513251574521953,0.1527104860379898,0.151078264883948,0.1505420186250947,0.1529176489355199,0.1768674274649031,0.1768674274649031,0.1768674274649031,0.1768674274649031,0.1768674274649031,0.1521082822638876,0.1532230319562944,,,1,0.01,16
0,0.2450207380010819,0.1698487119521375,0.1700567204433787,0.1697043678850928,0.1756861211166921,0.1499253648220562,0.1850906577872689,0.1748201480109495,0.1538132000797953,0.1540876285839367,0.1710935923048524,0.1710935923048524,0.1710935923048524,0.1710935923048524,0.1710935923048524,0.150000006750071,0.1513947829557148,0.1493774661892109,0.1501926378213902,0.1520231709007349,0.1759399316441863,0.1759399316441863,0.1759399316441863,0.1759399316441863,0.1759399316441863,0.1513465046554029,0.1511353738927236,,,2,0.01,16
0,0.2460869929398121,0.1699688159760987,0.1702445879826956,0.1698810075467658,0.1761981452994611,0.1524338366159426,0.1858313235500113,0.1759599167685172,0.1551836895664739,0.155924865445481,0.1715827478508751,0.1715827478508751,0.1715827478508751,0.1715827478508751,0.1715827478508751,0.1500897407218351,0.1520502471349638,0.150735772527599,0.1509635239756104,0.1521208169404092,0.17683662221779,0.17683662221779,0.17683662221779,0.17683662221779,0.17683662221779,0.1521600275195425,0.1522498556161549,,,3,0.01,16
0,0.2474081899105814,0.169544314213865,0.1697294534368516,0.1694069892551835,0.1755885636235093,0.1514823859106532,0.1868178696292182,0.1741001720385196,0.1566329828143342,0.1580455332679683,0.172116818969459,0.172116818969459,0.172116818969459,0.172116818969459,0.172116818969459,0.1507800341665053,0.1518099492737828,0.1507956486965338,0.1503491561671203,0.1525523531245053,0.1759134615131458,0.1759134615131458,0.1759134615131458,0.1759134615131458,0.1759134615131458,0.151958837293193,0.1526568044218234,,,4,0.01,16
0,0.2642217735700982,0.177464960575208,0.1766400228318174,0.1765101927773224,0.1847101350051731,0.1601599281575998,0.2006459698101778,0.1866838606316956,0.161724507990747,0.1634156194712603,0.1762083322346602,0.1762083322346602,0.1762083322346602,0.1762083322346602,0.1762083322346602,0.1528696560839654,0.153781340024921,0.1516559376223498,0.1518469849061686,0.1551236071649917,0.1827908864567918,0.1827908864567918,0.1827908864567918,0.1827908864567918,0.1827908864567918,0.155364515967348,0.1543977673909375,,,0,0.05,16
0,0.2638314206870535,0.1766858682744611,0.17556242797464,0.1755786269358491,0.1836979634666295,0.1581731008043003,0.1994202197207441,0.1852731571510043,0.1618309388484724,0.1619071221800004,0.1754334897827575,0.1754334897827575,0.1754334897827575,0.1754334897827575,0.1754334897827575,0.1521181414306897,0.1528344502528378,0.1518778428171514,0.1511226708098944,0.1543161587080999,0.1818541242462316,0.1818541242462316,0.1818541242462316,0.1818541242462316,0.1818541242462316,0.1553274540587688,0.1543398747297731,,,1,0.05,16
0,0.26794637584801,0.1778928643642906,0.1767944666347267,0.176787666251531,0.1850091580965589,0.1604583413468126,0.2002255098300563,0.1872200774073535,0.1621775937316357,0.1630941932143312,0.1763509525448605,0.1763509525448605,0.1763509525448605,0.1763509525448605,0.1763509525448605,0.1532443622972078,0.1537034956395646,0.1523330727043394,0.1524013617338786,0.1559894090984996,0.1823634216787761,0.1823634216787761,0.1823634216787761,0.1823634216787761,0.1823634216787761,0.1552937170847238,0.1544641987909147,,,2,0.05,16
0,0.2674734314493525,0.1787177209929205,0.1777738121220231,0.1777013536642148,0.1856043272929088,0.1589948929013192,0.19839789204678,0.1865562198832278,0.159221638254251,0.1628515656603972,0.174650742523052,0.174650742523052,0.174650742523052,0.174650742523052,0.174650742523052,0.1519507428189868,0.1520213058511303,0.1513347561379336,0.1508084496988545,0.1540882568665279,0.181535585227368,0.181535585227368,0.181535585227368,0.181535585227368,0.181535585227368,0.1552076123177753,0.1542754761538706,,,3,0.05,16
0,0.2673896662359229,0.1793963809395714,0.1783009823789278,0.1783216904847565,0.1866079310554849,0.1624667082969221,0.1982845335178771,0.186864296538681,0.1600964380873152,0.1635720543434091,0.1755488025521308,0.1755488025521308,0.1755488025521308,0.1755488025521308,0.1755488025521308,0.1517452529876972,0.1526048912301039,0.1510951504079207,0.1520553284804875,0.1538624711394272,0.1816480728767776,0.1816480728767776,0.1816480728767776,0.1816480728767776,0.1816480728767776,0.1551455445823421,0.1539803953923188,,,4,0.05,16
0,0.2665308222230483,0.1820017646582147,0.1801473663496706,0.1803041290564836,0.1900633601704738,0.1618528338905632,0.1922657704493035,0.1894945900310291,0.1617394389819431,0.1629494977580424,0.1781769312678946,0.1781769312678946,0.1781769312678946,0.1781769312678946,0.1781769312678946,0.1534244014166258,0.1546973030358965,0.1528906268861044,0.1523269459164189,0.156078329800622,0.1837784453758492,0.1837784453758492,0.1837784453758492,0.1837784453758492,0.1837784453758492,0.1561315717312257,0.1552827238233578,,,0,0.1,16
0,0.2713956577554017,0.1824914245779419,0.1809053398321826,0.1810072423737929,0.1906497393610839,0.1657270793008118,0.1935388254766646,0.1897769601221904,0.1631271899507405,0.1627614579450743,0.1780786321752392,0.1780786321752392,0.1780786321752392,0.1780786321752392,0.1780786321752392,0.1536664633004813,0.1542600851894607,0.1536126898918483,0.1526571778047245,0.1573139129147752,0.1828925596093289,0.1828925596093289,0.1828925596093289,0.1828925596093289,0.1828925596093289,0.1569437726683938,0.155881841401346,,,1,0.1,16
0,0.27127507808498,0.1836242720282347,0.1819069596957279,0.1819294808866385,0.1927707484416825,0.1622436092302054,0.1919046789878273,0.1893417649950181,0.1593127150656365,0.160919836608029,0.1785085003568354,0.1785085003568354,0.1785085003568354,0.1785085003568354,0.1785085003568354,0.1521586952021805,0.1543272910535338,0.1525313401231392,0.1514227148587434,0.1563316903302561,0.1839237476288348,0.1839237476288348,0.1839237476288348,0.1839237476288348,0.1839237476288348,0.1556252034542221,0.1548102032000956,,,2,0.1,16
0,0.277617632494017,0.1826832206274681,0.1808600208743228,0.1810720641644446,0.1906524821904036,0.1626917824779314,0.1916769298120724,0.1905195074994762,0.1613351789135581,0.1618655154305696,0.1769008361783723,0.1769008361783723,0.1769008361783723,0.1769008361783723,0.1769008361783723,0.1535403066370939,0.1542221260586743,0.1529763167215281,0.1523307503315302,0.1561602458978399,0.1832914751224129,0.1832914751224129,0.1832914751224129,0.1832914751224129,0.1832914751224129,0.1564560890662727,0.1554925188036837,,,3,0.1,16
0,0.2741025978330768,0.1831608868361959,0.1813129516488443,0.181473430534153,0.1912540943854966,0.1616409450693094,0.1921845100760778,0.1885860529310356,0.1604949636196234,0.1612260805481098,0.1775607201826253,0.1775607201826253,0.1775607201826253,0.1775607201826253,0.1775607201826253,0.1529863861479796,0.1546330623669495,0.1523484545598333,0.1515799648251394,0.1559270856805981,0.1831050240822929,0.1831050240822929,0.1831050240822929,0.1831050240822929,0.1831050240822929,0.1556753941500275,0.1547331201526395,,,4,0.1,16
0,0.2983342860822543,0.1872786884221687,0.1873355510963129,0.1874277876839324,0.1921239367412489,0.1571882370324419,0.1894186051453212,0.1894186051453212,0.1568726963115877,0.1551237573813855,0.1894186051453212,,,,,0.1575072524359933,,,,,0.1894186051453212,,,,,0.1553161942290905,,,,0,0.0,24
0,0.2983342860822543,0.1872786884221687,0.1873355510963129,0.1874277876839324,0.1921239367412489,0.1571882370324419,0.1894186051453212,0.1894186051453212,0.1568726963115877,0.1551237573813855,0.1894186051453212,,,,,0.1575072524359933,,,,,0.1894186051453212,,,,,0.1553161942290905,,,,1,0.0,24
0,0.2983342860822543,0.1872786884221687,0.1873355510963129,0.1874277876839324,0.1921239367412489,0.1571882370324419,0.1894186051453212,0.1894186051453212,0.1568726963115877,0.1551237573813855,0.1894186051453212,,,,,0.1575072524359933,,,,,0.1894186051453212,,,,,0.1553161942290905,,,,2,0.0,24
0,0.2983342860822543,0.1872786884221687,0.1873355510963129,0.1874277876839324,0.1921239367412489,0.1571882370324419,0.1894186051453212,0.1894186051453212,0.1568726963115877,0.1551237573813855,0.1894186051453212,,,,,0.1575072524359933,,,,,0.1894186051453212,,,,,0.1553161942290905,,,,3,0.0,24
0,0.2983342860822543,0.1872786884221687,0.1873355510963129,0.1874277876839324,0.1921239367412489,0.1571882370324419,0.1894186051453212,0.1894186051453212,0.1568726963115877,0.1551237573813855,0.1894186051453212,,,,,0.1575072524359933,,,,,0.1894186051453212,,,,,0.1553161942290905,,,,4,0.0,24
0,0.2986699489909892,0.1875158885411149,0.1875613383755043,0.1876450332523452,0.1922900684455041,0.1583811421717126,0.1913709224519278,0.1902549663090383,0.157067086355523,0.1571167592279405,0.1901100835331418,,,,,0.1575921966303172,,,,,0.1904606099651982,,,,,0.1558017033202803,,,,0,0.001,24
0,0.2984071423343309,0.1873330414873855,0.1873686014739416,0.1874471290096626,0.1923082227907708,0.1574406413197902,0.1916080766246317,0.1906088520161671,0.1566746470837479,0.1579932248196269,0.1901150114807092,,,,,0.1576696736187092,,,,,0.1902348112623602,,,,,0.1560685674088384,,,,1,0.001,24
0,0.299026260555163,0.1874874659854475,0.1875168952147347,0.1876030340931547,0.1923271725271231,0.1575493985526113,0.1916969929068068,0.1900761083847444,0.1576270822905271,0.1579774453040015,0.1897904787133406,,,,,0.1577027576360424,,,,,0.1898563909187172,,,,,0.1556786369695334,,,,2,0.001,24
0,0.2986404910163412,0.1874209899613923,0.1874702373817536,0.1875584992459686,0.1922376088162812,0.1575379183555029,0.191051264421916,0.189481372725785,0.1572741725282258,0.1566958205634472,0.1896196595929449,,,,,0.1572204631970521,,,,,0.189476914976399,,,,,0.1552916788074284,,,,3,0.001,24
0,0.298827009964052,0.1874705771767509,0.1875076500532427,0.1875918273993632,0.1923602076584364,0.1576467658474795,0.1912568691298395,0.1901504946056081,0.1569576445985465,0.1557953611612082,0.1898363751092865,,,,,0.1574679707595286,,,,,0.1899190142826804,,,,,0.1550769812523428,,,,4,0.001,24
0,0.3008476626125632,0.1877484533469222,0.1877599336364085,0.187814012957821,0.1925461261706197,0.1592553564164225,0.1952481484020961,0.1924946584590254,0.158448051502353,0.1637180875582017,0.1903489108706585,,,,,0.1586334216535719,,,,,0.1919548299636368,,,,,0.1571343786843712,,,,0,0.005,24
0,0.3000402539218093,0.188022228927806,0.1880181071719295,0.1880827517555952,0.1928812716159464,0.157894789142664,0.1970412342434969,0.1921957364964777,0.1574467171729128,0.1631289519122842,0.1906453202358633,,,,,0.1579884182265787,,,,,0.1909470026911913,,,,,0.156802392062812,,,,1,0.005,24
0,0.301324384730384,0.1887512400909651,0.1887123353080725,0.1887637068320717,0.1936742236582535,0.1606428052585889,0.19629444682463,0.1937299694560808,0.1583234369711547,0.1616089766624085,0.1914818684748013,,,,,0.1590974771216707,,,,,0.1919297633272328,,,,,0.1581327181903103,,,,2,0.005,24
0,0.300876176130173,0.1880660200738401,0.1880446380336609,0.1881029347255157,0.1930576529729612,0.1582912258851621,0.1973725787143734,0.1929921834795205,0.1592953610273409,0.1655814665105412,0.1914807692011778,,,,,0.1579112883178232,,,,,0.1921795128306648,,,,,0.157562680847157,,,,3,0.005,24
0,0.3007440453887548,0.1879790583858853,0.1879556112846962,0.18800460240993,0.1930217060943493,0.1581475053279447,0.1974391591625775,0.1930682107160183,0.1579709150195188,0.1631007692358088,0.1910620220845815,,,,,0.1586035408296836,,,,,0.1920620215500883,,,,,0.157765873668584,,,,4,0.005,24
0,0.3022006597131248,0.1880266583516995,0.1879973470042903,0.1880248183055833,0.193019064952707,0.1603388934091125,0.1989112658799848,0.1967560292137601,0.159725967571307,0.1658414028999461,0.1915637881846814,,,,,0.1581953091994935,,,,,0.1935101078474315,,,,,0.1574943465283392,,,,0,0.01,24
0,0.3035284917377945,0.1887758887636068,0.1887075681252512,0.1887406860198531,0.19388946230254,0.1616944940630713,0.1998494110830331,0.1964264543532508,0.1605249376016825,0.1679056991697089,0.191371209137956,,,,,0.1586353861938298,,,,,0.1937165453569271,,,,,0.1581418287591221,,,,1,0.01,24
0,0.3042398515080309,0.1886750669605934,0.1885679765891431,0.1886118398946072,0.1935295210511421,0.1618854641611062,0.199041472436268,0.1963127315857031,0.1591487710545103,0.1657626754941533,0.1920478969150293,,,,,0.1583075703395745,,,,,0.1933624725109144,,,,,0.1587048150213717,,,,2,0.01,24
0,0.3028015491010709,0.1888337719426213,0.1887463771007369,0.1887726452287805,0.1937062425270978,0.1604082844507972,0.1996708638877523,0.1948678637713517,0.1598382971802058,0.1653910382817065,0.1921597645081886,,,,,0.158682878556628,,,,,0.1937526149448981,,,,,0.1585524023094549,,,,3,0.01,24
0,0.3020687353299809,0.1884133246741638,0.1883513525033326,0.1883897657040502,0.1932996035997053,0.1603508619246161,0.2006750003711462,0.1961624876689284,0.1598417673308381,0.1660180323223608,0.1922845781289864,,,,,0.1585325823445546,,,,,0.1940275333125874,,,,,0.1587908010992809,,,,4,0.01,24
0,0.3172144029951138,0.193433757884115,0.1929934578532035,0.1928134162932872,0.1995245407857382,0.1678940149414444,0.1983153783134568,0.2066785191088178,0.1620666492941262,0.1671440701549687,0.1956440932846314,,,,,0.1605867671458587,,,,,0.1981999634531344,,,,,0.1618853983387626,,,,0,0.05,24
0,0.3175152832251208,0.1922564976380395,0.1918589525613611,0.191761476290915,0.1975794547055202,0.167147171697632,0.198726567771061,0.204145410483713,0.1629982010174493,0.1677848459000755,0.1945846334279251,,,,,0.1600300350142154,,,,,0.1963915334945249,,,,,0.1597296811600442,,,,1,0.05,24
0,0.3128268159378687,0.1917895407545341,0.1913470617333384,0.1912353964435017,0.1970654030072756,0.1694722514064642,0.1989804754115602,0.2044335471564895,0.1626247606823994,0.1679843049841863,0.1942928354890131,,,,,0.160689865431303,,,,,0.1968280865173509,,,,,0.1606913084653324,,,,2,0.05,24
0,0.3126589911755386,0.192514881189017,0.1920891254169807,0.1919403550327218,0.1982372368900975,0.1681341718797475,0.1998255272437723,0.2048469675427865,0.162957961426481,0.1683316310410962,0.1946883751179567,,,,,0.1596615798773018,,,,,0.1974269343219878,,,,,0.1612120812660027,,,,3,0.05,24
0,0.3171428790634789,0.1922344828772365,0.1917867892479473,0.1916369286879448,0.1980729879216775,0.1661359772254569,0.1998151404486877,0.2055667387108049,0.1626651354200306,0.1661683708452396,0.1949510944847268,,,,,0.1601987773879755,,,,,0.1964452526434328,,,,,0.1608515246062182,,,,4,0.05,24
0,0.3203625877024947,0.1947587462896834,0.1941365137124382,0.1939083078828926,0.200477530861305,0.17242547720363,0.1984031654510373,0.2054711226932773,0.1642468446284475,0.1670034737947232,0.1964049823726416,,,,,0.1617789161382528,,,,,0.1987493543572243,,,,,0.1623417545933547,,,,0,0.1,24
0,0.3252028291328775,0.1944690471409887,0.1938712489251579,0.1936371111543005,0.2008767576691492,0.1716392850081686,0.1986851398498944,0.2053529015061509,0.1643348437505142,0.1653227935636134,0.1961490104691127,,,,,0.16152855633482,,,,,0.1996225674926859,,,,,0.1617820214016425,,,,1,0.1,24
0,0.3230432963607317,0.1951263449282359,0.1944887968277457,0.1942206323693887,0.2018694550303924,0.1700187429422773,0.1981765236348325,0.2058132494352927,0.1636083613101641,0.1647025883765289,0.1958303371971421,,,,,0.1612991999310553,,,,,0.1986016833439382,,,,,0.1614122172093316,,,,2,0.1,24
0,0.3222512971570025,0.1953570634940403,0.1947604026512997,0.1945220136085505,0.2015211690070251,0.1716189732237636,0.1963563827738473,0.2058361742745634,0.1612059567011013,0.1636975484582888,0.1950266157762477,,,,,0.1603830866883074,,,,,0.1971869090391496,,,,,0.1607816203964335,,,,3,0.1,24
0,0.3190861016190638,0.195682333126818,0.1950186855632222,0.1947365033362036,0.2022252526735944,0.1722890715864969,0.1985174065878068,0.2064592888824705,0.165175327782891,0.1672853825967095,0.1957868867714521,,,,,0.1615995364167204,,,,,0.1982637803517804,,,,,0.1614438522314715,,,,4,0.1,24
