,Pers,LS,Lasso,Ridge,LAD,NN,FA-greedy-LAD,FA-fixed-LS,FA-lin-fixed-LS,FA-greedy-LS,FA-fixed-NN,FA-lin-fixed-NN,FA-greedy-NN,FA-lin-greedy-NN,v2FA-lin-fixed-NN,FA-lin-greedy-LS-1,FA-lin-greedy-LS-2,FA-lin-greedy-LS-5,FA-lin-greedy-LS-10,FA-lin-greedy-LS-20,iteration,percentage,v3FA-lin-fixed-NN,steps
0,0.0350849176088731,0.0258492352573749,0.0259573578292847,0.0258836804048212,0.0260076031483113,0.027598045925586,,0.0262005702224963,0.0258492356805052,0.0262005702305813,0.0263129935718731,0.0299409874768632,0.0275980459954328,0.0300826538325195,0.0261968460963627,0.0258492352573749,0.0258492352573749,0.0258492352573749,0.0258492352573749,0.0258492352573749,0,0.0,0.0267681296103835,1
0,0.0350849176088731,0.0258492352573749,0.0259573578292847,0.0258836804048212,0.0260076031483113,0.027598045925586,,0.0262005702224963,0.0258492356805052,0.0262005702305813,0.0263129935718731,0.0299409874768632,0.0275980459954328,0.0300826538325195,0.0261968460963627,0.0258492352573749,0.0258492352573749,0.0258492352573749,0.0258492352573749,0.0258492352573749,1,0.0,0.0267681296103835,1
0,0.0350849176088731,0.0258492352573749,0.0259573578292847,0.0258836804048212,0.0260076031483113,0.027598045925586,,0.0262005702224963,0.0258492356805052,0.0262005702305813,0.0263129935718731,0.0299409874768632,0.0275980459954328,0.0300826538325195,0.0261968460963627,0.0258492352573749,0.0258492352573749,0.0258492352573749,0.0258492352573749,0.0258492352573749,2,0.0,0.0267681296103835,1
0,0.0350849176088731,0.0258492352573749,0.0259573578292847,0.0258836804048212,0.0260076031483113,0.027598045925586,,0.0262005702224963,0.0258492356805052,0.0262005702305813,0.0263129935718731,0.0299409874768632,0.0275980459954328,0.0300826538325195,0.0261968460963627,0.0258492352573749,0.0258492352573749,0.0258492352573749,0.0258492352573749,0.0258492352573749,3,0.0,0.0267681296103835,1
0,0.0350849176088731,0.0258492352573749,0.0259573578292847,0.0258836804048212,0.0260076031483113,0.027598045925586,,0.0262005702224963,0.0258492356805052,0.0262005702305813,0.0263129935718731,0.0299409874768632,0.0275980459954328,0.0300826538325195,0.0261968460963627,0.0258492352573749,0.0258492352573749,0.0258492352573749,0.0258492352573749,0.0258492352573749,4,0.0,0.0267681296103835,1
0,0.037134101848013,0.0280671859492228,0.0281119737902185,0.0280807423131493,0.0285357138704701,0.0293981068170401,,0.0376864768486248,0.0289886286240196,0.0269643455605587,0.0315904282654894,0.0327661038771529,0.0284915745820842,0.030773535431161,0.036583652069411,0.035166257438471,0.0266185543800801,0.026151712807382,0.0261654331713411,0.0261356437902818,0,0.001,0.0335706857538299,1
0,0.0384092804004251,0.0294825321574756,0.0294786951823332,0.0294856877760885,0.0300950133421834,0.0306905973415601,,0.0422574882896508,0.0304586284045377,0.0278950006455072,0.0384883851431363,0.0333477142530744,0.0290790489001652,0.0311934988622494,0.0410440264184268,0.0352264694617829,0.0270453046466353,0.0262785040129312,0.0262778432223077,0.0262662143642795,1,0.001,0.0339306832574399,1
0,0.0392000857681103,0.0300438313103896,0.030078133892535,0.0300483340228736,0.0307443568389693,0.0311714049739513,,0.0381326872035767,0.0296435768750576,0.0273418214226205,0.0381605287614905,0.0323865525757116,0.0285915641420078,0.0307814125495486,0.03721597423542,0.0322088697119034,0.0270389135418018,0.0263300223936073,0.0263156398433772,0.0262463020130613,2,0.001,0.0328581671785029,1
0,0.036020836615847,0.0270266431643419,0.0270701128654619,0.0270449909500607,0.0272617795292092,0.0286297142511314,,0.0362613949979584,0.0293859115444109,0.0279430529345036,0.0352505535520441,0.0323890482503034,0.0292689588464046,0.0313218273047045,0.0355147352867363,0.0358984950629864,0.0278462553951764,0.0266877650621954,0.0266877650621954,0.0265969094279691,3,0.001,0.0312373205753163,1
0,0.0518759526868208,0.0427367545967297,0.0425341319546176,0.0426792071789583,0.0446384830522177,0.0413553983290618,,0.0406784382296546,0.0305094301523444,0.0275463239691191,0.0426454350909346,0.0329468768420171,0.0288084258236133,0.0310719258849098,0.0399327981120127,0.0348893937169537,0.0277548825684343,0.0264289630562345,0.0263910329328192,0.0264135127089877,4,0.001,0.0329931738625819,1
0,0.0536901841655019,0.0440077480964414,0.0437501655211905,0.043919050952775,0.0461440565867474,0.0432523793542211,,0.0625988406032331,0.0394012103379389,0.0310334485061369,0.0522744073540313,0.0420567318408861,0.0323390887082653,0.0339484874847587,0.0581006801234234,0.0551884909264155,0.0341132149337664,0.0286038501989206,0.0281111496937638,0.0280797096756694,0,0.005,0.0468055550794684,1
0,0.0508876591918971,0.0415493854944593,0.0412567794888208,0.0414622805819535,0.0433736933546385,0.041480226235796,,0.0633029204927327,0.0388487113696374,0.0312836477155767,0.0570738491486333,0.0419216402701413,0.0321894927268446,0.0337129413337185,0.0597018211208839,0.0567741994040332,0.0328465838134021,0.0282866772705183,0.0279890084773354,0.0279903087017728,1,0.005,0.0457577543258624,1
0,0.0524548388437006,0.0435635136548065,0.0432736232050414,0.0434876116207047,0.0454072714298067,0.0437124210809453,,0.065313978409648,0.0401366600742357,0.0310687602849137,0.0563881614246433,0.042095308815309,0.0322273450626119,0.0338687354663407,0.0612029813729455,0.0564693426545194,0.0346587796027777,0.0287052050866879,0.0277923874961604,0.0277023144873431,2,0.005,0.0465535542083206,1
0,0.0491710052976465,0.0402691168501084,0.0399702950130206,0.0401924448607371,0.041877028046611,0.0406908352629266,,0.062070666349085,0.0397025101263784,0.0316995126346853,0.0540110477505216,0.0424398234135083,0.0326642519491584,0.0342642056794985,0.0571997462450693,0.0576381829254956,0.0353305037777853,0.0285976403793495,0.0284122730770258,0.0283117839216893,3,0.005,0.0467462660512163,1
0,0.0590817027205281,0.049475328448055,0.0491368816552778,0.049372634347296,0.0519283570927243,0.0483904911959799,,0.0597899749596891,0.0382433980618949,0.0320999337590593,0.0534758601353658,0.0415643218446669,0.033130661455629,0.0343762730415488,0.0558284265563238,0.0559432635329413,0.0332737111505676,0.0287029166869948,0.0285982904074968,0.0285158601321054,4,0.005,0.0481959528470363,1
0,0.0695543927554669,0.0595004197938777,0.0590054606431148,0.0593419529455816,0.0626119979597572,0.057124185660227,,0.0820742903823036,0.0468421049793109,0.0351455188289666,0.0669502881844354,0.0496211887035664,0.0357608189090833,0.0368557647455525,0.0731567937071544,0.0700432307126065,0.0392933422925032,0.0315905404806573,0.0303908314871741,0.0303163937821519,0,0.01,0.056902706199778,1
0,0.0703535995923149,0.060209621303537,0.0596890721109349,0.0600452525412986,0.0634487933704074,0.0583957792778131,,0.0806604257839883,0.047902511483847,0.0344768089357946,0.0688447016115449,0.0523970359497295,0.0360194335829894,0.0364487378740683,0.0736252327400682,0.0686966485091601,0.0378647430172682,0.0307964754409018,0.0298627806979418,0.0296502701133785,1,0.01,0.0549823785495404,1
0,0.0806016966590133,0.0690594261492171,0.0684579475635001,0.0688767497045325,0.0731705376013912,0.0656617123089292,,0.0793338494145825,0.0467841970889578,0.0341092212252784,0.0655044431806907,0.0500994409316003,0.0348764593392667,0.0359407297960898,0.0727748077175276,0.0690232902091008,0.0373974661633519,0.0310094034817698,0.0296169606691562,0.0295094405917378,2,0.01,0.0542945612609253,1
0,0.0604257252438399,0.0514413277016454,0.0509891775807731,0.0513165997977048,0.0537003202732275,0.050456241178692,,0.0795723231348114,0.047484878004246,0.0365020376259566,0.0693907883537655,0.0512143563101303,0.0370632389535601,0.0364780404622309,0.0716161761387815,0.0711528277869537,0.0389471022077747,0.031505155007476,0.0305117652875773,0.0301590818709536,3,0.01,0.0526449280663851,1
0,0.0728631529613242,0.0621929148200412,0.0616612366377066,0.0620293651619869,0.0655947374545402,0.0598051205235652,,0.0803058744410677,0.0470151413133784,0.0353779139704782,0.0657392217121194,0.0525581529260082,0.0362548723231077,0.0363438361255301,0.0724886243890967,0.0717331312856862,0.039339415660646,0.0311205959441404,0.0299931701067312,0.0295326265468257,4,0.01,0.0572516489003646,1
0,0.1054451842184303,0.093723130564624,0.0927941673567869,0.0934531874258645,0.0986297217526952,0.0906022020434654,,0.1125319040533113,0.0717673646458704,0.0502688366102771,0.0817721190495432,0.0810919155756249,0.0502114681439181,0.0511431429593895,0.0860300275194429,0.1117308574535163,0.0709114920230547,0.0526998314037621,0.0416630095464436,0.0412126351558668,0,0.05,0.0785790684185583,1
0,0.1138069213902075,0.1020770174022467,0.1011234146355827,0.1017951629675612,0.1071358271201572,0.0975670803601302,,0.1161361227663913,0.0746410874975434,0.0531910911952499,0.090324622050844,0.0843736332889752,0.0537633643519087,0.0551506337255449,0.0930998828787138,0.1147997309656857,0.0745946083015889,0.056268818732875,0.0445039130453532,0.0435942054938348,1,0.05,0.0793023146260258,1
0,0.1175892055620403,0.1049922796327234,0.1039518939949928,0.104687505030088,0.1103845617338196,0.1001743387996669,,0.1177975343288224,0.0733046363905989,0.0517139671899249,0.0870982855083227,0.0827365647137399,0.0516649119285684,0.0530597657984183,0.093163431086145,0.1154119848460629,0.0747463936776111,0.0551432893651034,0.0439458327750882,0.0431501793961937,2,0.05,0.0783552348225764,1
0,0.1198877936960376,0.1070728036089255,0.1060205212094613,0.1067723626138971,0.1126716777590465,0.1016157816912874,,0.11463865864862,0.0737679284128779,0.0499687381631738,0.0870937138125056,0.0832143458671318,0.0502953680376099,0.0520058603627917,0.09050490505095,0.1134329629267022,0.0727576410620662,0.0521024813849641,0.0427521924259123,0.0420728400530368,3,0.05,0.0762804933500095,1
0,0.0994453474091711,0.0892363429783429,0.0883191130045116,0.0889774382490822,0.0935005436932567,0.084927661769366,,0.1128303600744483,0.0714733511759228,0.0496972927080476,0.0845600359624927,0.0805482129038808,0.0504553292920569,0.0507644552159897,0.0885832616101069,0.1107488859085096,0.0700884349668094,0.0513915118943721,0.0416344407192791,0.0410819729240889,4,0.05,0.077267853626696,1
0,0.1316823764279445,0.1201080160970966,0.1189773493773211,0.1197761674233903,0.1257317198924841,0.1153344902397684,,0.1237044719066206,0.0857088779222809,0.0668171049663892,0.0966235478349127,0.0950704138253319,0.0638059222455152,0.0736160142743687,0.0988141583465277,0.1384680344652718,0.1014321495913567,0.0773845160678551,0.0566393805620379,0.0549551172464495,0,0.1,0.0973504530048731,1
0,0.1314178291372554,0.1192178224750096,0.1179957818272207,0.1188679887490399,0.124989804850856,0.11328402713963,,0.1260595902362574,0.0874367850746487,0.0666938193940415,0.0996933475691986,0.0969294134033247,0.0656908308877527,0.0733779931733179,0.1026722148146307,0.1375723552113757,0.0996057949780342,0.0758204014513466,0.0559032345464016,0.0544955183570872,1,0.1,0.0958769012326773,1
0,0.132262426814801,0.1206303355819499,0.1195067686951683,0.1203019597547889,0.1261170490541736,0.1162544617749304,,0.1255962313273716,0.0872109938506144,0.0668016710989983,0.1002516806028542,0.0973917502549468,0.0661796255140759,0.0725336022613797,0.1011320623658119,0.1390228099804804,0.1006042008268069,0.0765167762119017,0.0570692549106467,0.0554247340078531,2,0.1,0.0939538644389554,1
0,0.1370384469491169,0.124615125297222,0.1235389807685466,0.12428943929087,0.1304474988535228,0.1183563792114534,,0.1296202520440204,0.0896993472541727,0.0677229346196962,0.1033943694724298,0.0994126641235193,0.067001128936129,0.0753939736151977,0.1069771910722415,0.1394653084295661,0.10246840983524,0.0773899508174442,0.0578629619998159,0.056774652848882,3,0.1,0.0954669862270848,1
0,0.136831649286583,0.1240663516467962,0.1228478745593756,0.1237122997234913,0.1301610028894991,0.1179903082630193,,0.1268162909381776,0.0881354459750569,0.066142767274396,0.0987215684726507,0.0980812895434442,0.0635627604356691,0.0715914611865047,0.102949398184978,0.1402592107497596,0.1012011998976689,0.0754056117212962,0.0577893750183336,0.0568010239231453,4,0.1,0.0955559986637255,1
0,0.0991212825229708,0.0796849557019099,0.0797106690232381,0.0800969091219222,0.0824668400354113,0.0828579231827959,,0.080167764042645,0.0796849558641305,0.0801677644135798,0.0819143377842042,0.0813911892509219,0.0828579232838226,0.0824659400511044,0.0821481697288118,0.0796849557019099,0.0796849557019099,0.0796849557019099,0.0796849557019099,0.0796849557019099,0,0.0,0.0824451669316156,4
0,0.0991212825229708,0.0796849557019099,0.0797106690232381,0.0800969091219222,0.0824668400354113,0.0828579231827959,,0.080167764042645,0.0796849558641305,0.0801677644135798,0.0819143377842042,0.0813911892509219,0.0828579232838226,0.0824659400511044,0.0821481697288118,0.0796849557019099,0.0796849557019099,0.0796849557019099,0.0796849557019099,0.0796849557019099,1,0.0,0.0824451669316156,4
0,0.0991212825229708,0.0796849557019099,0.0797106690232381,0.0800969091219222,0.0824668400354113,0.0828579231827959,,0.080167764042645,0.0796849558641305,0.0801677644135798,0.0819143377842042,0.0813911892509219,0.0828579232838226,0.0824659400511044,0.0821481697288118,0.0796849557019099,0.0796849557019099,0.0796849557019099,0.0796849557019099,0.0796849557019099,2,0.0,0.0824451669316156,4
0,0.0991212825229708,0.0796849557019099,0.0797106690232381,0.0800969091219222,0.0824668400354113,0.0828579231827959,,0.080167764042645,0.0796849558641305,0.0801677644135798,0.0819143377842042,0.0813911892509219,0.0828579232838226,0.0824659400511044,0.0821481697288118,0.0796849557019099,0.0796849557019099,0.0796849557019099,0.0796849557019099,0.0796849557019099,3,0.0,0.0824451669316156,4
0,0.0991212825229708,0.0796849557019099,0.0797106690232381,0.0800969091219222,0.0824668400354113,0.0828579231827959,,0.080167764042645,0.0796849558641305,0.0801677644135798,0.0819143377842042,0.0813911892509219,0.0828579232838226,0.0824659400511044,0.0821481697288118,0.0796849557019099,0.0796849557019099,0.0796849557019099,0.0796849557019099,0.0796849557019099,4,0.0,0.0824451669316156,4
0,0.0995580427351587,0.0800927990717677,0.0800733546518092,0.0804301521209693,0.0828964102876909,0.0833286945681235,,0.0842835789041957,0.0802488288643485,0.0836522773681794,0.0840717097971032,0.0825259000036531,0.0842874601895367,0.0832426655941831,0.084546037273769,0.0803737874993079,0.0799973817212448,0.079858075791867,0.079858075791867,0.0797743336375517,0,0.001,0.0838038814140757,4
0,0.1024052002344752,0.0812287168002951,0.0811914382196397,0.0815463825230805,0.084429935983201,0.0844985544383323,,0.0855353477526699,0.080447146390127,0.085578843979712,0.0849409418589309,0.0828985825723618,0.0841888931945746,0.0835660274827595,0.0850323082199509,0.0808634795736802,0.0802273117444847,0.08007599678874,0.08007599678874,0.0800718562088401,1,0.001,0.0834685796610108,4
0,0.1000160813471909,0.0804500691350019,0.0804466420931926,0.0808118682623336,0.0832193474614604,0.083593158057344,,0.0848577354066492,0.0803915883202878,0.0865734964473649,0.08525069290727,0.0833253415421271,0.0843307878689459,0.0837931632025339,0.0855860333801563,0.0807871799447624,0.080402951931956,0.0803714902096054,0.0803714902096054,0.0803534543835256,2,0.001,0.0836094157785836,4
0,0.0994200647963689,0.0797551005000817,0.079762026832519,0.0801415923510539,0.0825011252146372,0.0829473107718976,,0.0832465628746114,0.0800984841153514,0.0845762397557167,0.0835570770035489,0.0820445986574276,0.0831106858707731,0.0827924913127903,0.0837954288825683,0.0804083804697478,0.0798052314004967,0.0797187109992642,0.0797187109992642,0.0798078714657855,3,0.001,0.0830064965791643,4
0,0.1005228791093242,0.080657808201192,0.080651035292947,0.0810127729074095,0.0835822603387327,0.0839816691654722,,0.084968257031225,0.0806502567607092,0.0845631867872216,0.084611577578858,0.0824970361583781,0.084049737217524,0.0832140399110779,0.085684370902033,0.0813193969779544,0.0803755651972199,0.0800449093013039,0.0800449093013039,0.0801003954271955,4,0.001,0.083734466055716,4
0,0.1128704256157541,0.0860472849795265,0.0858413660139092,0.0860974053522576,0.0907741193000599,0.0894562024342647,,0.0978789091041388,0.0840344338694084,0.0988891193522813,0.0930742881804609,0.0873897161232284,0.0870971321094546,0.0853841009968071,0.0940848518399986,0.0848162130971287,0.0818681507525696,0.0812938475477615,0.0812938475477615,0.0811050867208561,0,0.005,0.0875635270872694,4
0,0.1117710304480396,0.0867868339818195,0.0865595639887694,0.0868039814688627,0.0910874296540093,0.089137829873356,,0.0989387055078955,0.0846291949695218,0.0984066055003033,0.0942437701867908,0.088697901900346,0.0885221571741077,0.0866894025516431,0.0962992973699364,0.0848526544133298,0.0827275179774893,0.0823780332562644,0.0823780332562644,0.0819535741574954,1,0.005,0.0872036758841614,4
0,0.1063704074087088,0.0844312780362362,0.0842503817157507,0.0844777228740477,0.0877058261821526,0.0870825552249546,,0.0981911885470653,0.0844155389110409,0.0990651116157861,0.0939445659904815,0.086762685202768,0.0874292025519656,0.0849731433096313,0.0961247081677638,0.0848181784582177,0.0823364531854948,0.0818017478181183,0.0818017478181183,0.0815742396124892,2,0.005,0.0869985470314771,4
0,0.1037288969377296,0.0823276918131077,0.0821445434972779,0.08242252021465,0.0852701834758908,0.0853569409761302,,0.0972478813048443,0.0839802332133571,0.0943382121314073,0.0923135505855073,0.0883243275636554,0.0865905804984866,0.0857296096052304,0.0932168307424588,0.0835444456393803,0.0822420486062622,0.0817706844976575,0.0817706844976575,0.0813885488472881,3,0.005,0.089124045821033,4
0,0.1073550787428878,0.0847325143759452,0.0845937012862352,0.0848346679930498,0.0883714571101232,0.0870174180286247,,0.0999433146089338,0.0835789662226664,0.0995144815528075,0.0943557812634812,0.087497894378358,0.0881549350803714,0.0863168905879257,0.0955411423442004,0.0843704314583747,0.08179282743507,0.0813202670900619,0.0813202670900619,0.0813158626749709,4,0.005,0.0881271385590558,4
0,0.1266525487145307,0.0945594628510664,0.0940651350789322,0.0941771367215715,0.1012638809399998,0.0965262734256999,,0.1078875599141725,0.0888417664249479,0.1079331773156186,0.1019651687669732,0.0960143147554919,0.0915253465240021,0.0890454884254466,0.10475209017744,0.088936191895985,0.0849619872323376,0.0839547055844103,0.0839347138490888,0.0835234922150191,0,0.01,0.0913929168478372,4
0,0.1116485902920992,0.0877107491397912,0.0872649023059892,0.0873617694591938,0.0913944140961329,0.0892337429008413,,0.1064436818196707,0.0875859978080239,0.1069760697505213,0.098876704864505,0.0929757643803158,0.0901415603479535,0.0878485232524318,0.1006186216730553,0.0886958892023716,0.084516570189882,0.0830300908590218,0.0830164342163426,0.082938941153351,1,0.01,0.0908389800147674,4
0,0.1149708729129292,0.0889055265190695,0.0884655955364768,0.0886491599403551,0.0933242635333621,0.0903233743295627,,0.1096527228663243,0.0877553265089092,0.1081162316426403,0.1015775737505146,0.0937137569394268,0.0905696032757603,0.0894347574981757,0.1031435401001767,0.0893084245975785,0.0856186537974766,0.0837521553442047,0.0837521553442047,0.0833526512891227,2,0.01,0.0919684187695212,4
0,0.1164207471742524,0.0899299393490538,0.0895591501800692,0.0897251725973008,0.0948381996411413,0.0919037494428751,,0.1082337288130246,0.0881925035253233,0.1046720267757931,0.1017747366022593,0.0959504109415772,0.0898536841847535,0.0888540622201697,0.1052824304244049,0.088722032947041,0.085173699779338,0.0835655869478939,0.0835655869478939,0.0831908708403917,3,0.01,0.0908531816322174,4
0,0.1240962143583648,0.0926732378098426,0.0922384442891845,0.0923731733508873,0.0990541467742983,0.0948222442177727,,0.1054201559194312,0.0877740872992269,0.1062344620385394,0.099136489190791,0.0941785883261264,0.0890567533906622,0.0873609860734743,0.1014863670148905,0.0878848124274586,0.0845004356945853,0.0835054206602849,0.0835054206602849,0.0832567535407224,4,0.01,0.0917094952835268,4
0,0.1641284084713099,0.121074278247257,0.1198459324720836,0.1195992739895144,0.1311113645283551,0.1188129486600686,,0.133144379005329,0.106715188543961,0.1185959383055468,0.1262287834463752,0.1158743284828749,0.0981565801546897,0.0976243153559599,0.1278501457251982,0.1109891405097882,0.1031455813663846,0.0947579048104397,0.0941104137794378,0.0917074864724276,0,0.05,0.1081757240134094,4
0,0.1425305824835273,0.110996544263852,0.1099229791966813,0.1094738328038873,0.1173452774194318,0.1091594845630272,,0.1342958507167327,0.1067464248898272,0.1179771384183563,0.126615634194203,0.1145736982632747,0.0976056378211851,0.0978603074692414,0.1290895244813386,0.1117567400251996,0.1030927659286483,0.0948210898487236,0.0942744805835083,0.0908117071339128,1,0.05,0.1105136786798679,4
0,0.146279025155978,0.1113885961717457,0.1102889247137484,0.1099999365245843,0.1183479713441034,0.1093865487956158,,0.1355260671845846,0.1075876803527338,0.1188310456557092,0.127401461575091,0.1140802872341334,0.0983513701813482,0.0979682381743041,0.1277183972430963,0.1113433373016667,0.1038240777031211,0.0954274204652028,0.095460610675706,0.0918084540963294,2,0.05,0.1072887759584944,4
0,0.1437718496265301,0.1123366783516058,0.1112394258194336,0.1107332433085627,0.1186452700287041,0.1121085461819571,,0.1324541141878517,0.1062201636230006,0.1183000413953528,0.1263083723318578,0.114322430102377,0.0977383385719533,0.0970333948221612,0.1273311335945419,0.1106023250192023,0.1021102478669162,0.0950368220062187,0.0946458454967207,0.0908576735884476,3,0.05,0.1092730379304952,4
0,0.1467516561869127,0.1132381517043272,0.1122362545371625,0.1118792638522315,0.1206133150592438,0.1133576904453644,,0.1325936473519537,0.1058952421299326,0.1176124825036362,0.12596290083103,0.1140944654214893,0.0970290441311516,0.0963626390401115,0.127159741651525,0.1086517261590126,0.1018548359305643,0.0933670530945079,0.0931716334217597,0.0899682197783761,4,0.05,0.1069754097046696,4
0,0.1649434023606312,0.1291829784388102,0.1277523163905942,0.1270583776290778,0.137686032301075,0.1272110714388568,,0.1402654199815698,0.1138107581592205,0.1173428961383524,0.1353212184189085,0.126410735896771,0.1015598412152732,0.1078593612691751,0.133779542310458,0.127498805021779,0.1196105353395061,0.104650690121455,0.1023507625642018,0.0982483789454356,0,0.1,0.1194663300412359,4
0,0.1785218416948317,0.1353019496517468,0.1338094561440826,0.1330707939391765,0.1462324958655422,0.1300319912706386,,0.1430653283009892,0.1138909236365274,0.1176232980731101,0.1341494737713246,0.1237529505003301,0.1020688287443856,0.1066475760390852,0.1322978996781562,0.127740011625786,0.1201160764033681,0.1045900499721374,0.1021488711184735,0.0978386224135958,1,0.1,0.1195774063474401,4
0,0.1785443423681747,0.1336829740690198,0.1320470459449728,0.1314386560595564,0.1446096319460026,0.1328758648061064,,0.1429589224179464,0.1145407862506779,0.1183827155463902,0.133459922029452,0.1254140487409531,0.1031184441369372,0.107262240736087,0.1323030538451361,0.1299401185269316,0.1220728980956499,0.1057013601727899,0.103235288926705,0.0994824364317045,2,0.1,0.1161407218227403,4
0,0.169585511482032,0.1323371678215915,0.1308938331867707,0.1301766704814723,0.141697024465447,0.1297545682753654,,0.1445512060613729,0.1152549170621564,0.11894582629842,0.1375370985845466,0.1247669752038468,0.1023578231751662,0.1075505842944731,0.1335940875804771,0.1295253112567301,0.120619045430771,0.1047741458415096,0.1029975713258744,0.0985032780811198,3,0.1,0.1197342774999205,4
0,0.1735287747906271,0.1342856163610401,0.1328102118624701,0.1320536663041886,0.1444392242067755,0.1313420688455276,,0.1461159050612151,0.1176260965123952,0.1183265232838413,0.1381831896239567,0.1285171324158243,0.1048413389435465,0.1103474587259359,0.1350356180460052,0.1291150719359436,0.1202948939419588,0.1061890964076407,0.1041151335269486,0.0994710788330669,4,0.1,0.1183701979403039,4
0,0.1551314124940661,0.1212173147858452,0.1212624079536877,0.1214997653112018,0.1279947376150329,0.1168642766357158,,0.121960880918404,0.1212173129436769,0.1219608799189067,0.1186662582019815,0.1185729104389368,0.1168642764088063,0.1178925870908492,0.1179217099240421,0.1212173147858452,0.1212173147858452,0.1212173147858452,0.1212173147858452,0.1212173147858452,0,0.0,0.1179268252024787,8
0,0.1551314124940661,0.1212173147858452,0.1212624079536877,0.1214997653112018,0.1279947376150329,0.1168642766357158,,0.121960880918404,0.1212173129436769,0.1219608799189067,0.1186662582019815,0.1185729104389368,0.1168642764088063,0.1178925870908492,0.1179217099240421,0.1212173147858452,0.1212173147858452,0.1212173147858452,0.1212173147858452,0.1212173147858452,1,0.0,0.1179268252024787,8
0,0.1551314124940661,0.1212173147858452,0.1212624079536877,0.1214997653112018,0.1279947376150329,0.1168642766357158,,0.121960880918404,0.1212173129436769,0.1219608799189067,0.1186662582019815,0.1185729104389368,0.1168642764088063,0.1178925870908492,0.1179217099240421,0.1212173147858452,0.1212173147858452,0.1212173147858452,0.1212173147858452,0.1212173147858452,2,0.0,0.1179268252024787,8
0,0.1551314124940661,0.1212173147858452,0.1212624079536877,0.1214997653112018,0.1279947376150329,0.1168642766357158,,0.121960880918404,0.1212173129436769,0.1219608799189067,0.1186662582019815,0.1185729104389368,0.1168642764088063,0.1178925870908492,0.1179217099240421,0.1212173147858452,0.1212173147858452,0.1212173147858452,0.1212173147858452,0.1212173147858452,3,0.0,0.1179268252024787,8
0,0.1551314124940661,0.1212173147858452,0.1212624079536877,0.1214997653112018,0.1279947376150329,0.1168642766357158,,0.121960880918404,0.1212173129436769,0.1219608799189067,0.1186662582019815,0.1185729104389368,0.1168642764088063,0.1178925870908492,0.1179217099240421,0.1212173147858452,0.1212173147858452,0.1212173147858452,0.1212173147858452,0.1212173147858452,4,0.0,0.1179268252024787,8
0,0.1555008020546269,0.1213853042208185,0.1214086563488371,0.1216184844166771,0.1279819379367693,0.1174757045897244,,0.1265613230269834,0.1217484431697536,0.1244872213940594,0.1200916046014596,0.1199960511060737,0.1176808896012703,0.1186110900660857,0.119847339851375,0.1226953750889146,0.1217325298970961,0.1215865044908045,0.1215865044908045,0.1214247223877778,0,0.001,0.1183299708404781,8
0,0.1561236561888065,0.1214022081652668,0.1214092839772699,0.1216328413338139,0.1282050335343908,0.1172779769911782,,0.1265593553876269,0.1216929097185573,0.124434106237612,0.1195833590627883,0.1200249195137438,0.1186353903294902,0.1191037956081276,0.1198254790643928,0.122830658211061,0.1219056486298269,0.1216981779147304,0.1216981779147304,0.121369663182471,1,0.001,0.1182803575228992,8
0,0.1560928637204086,0.1215991347653259,0.1216246603249502,0.1218528315182259,0.1284023048858558,0.117355494518408,,0.1260475773985443,0.1218870060413553,0.1249938384783358,0.1195395398516315,0.1199217070792605,0.1183278219270763,0.1187165182890448,0.119495550302779,0.1222299626681587,0.1217843384322304,0.1215598798305398,0.1215598798305398,0.1214054037897081,2,0.001,0.1190487766866621,8
0,0.1555627563529649,0.1213976590112344,0.1214236960632502,0.1216375493309354,0.1281848291994643,0.1170503739291764,,0.1249913838599079,0.1217739193452323,0.1239689253013944,0.1195684875496175,0.1197605459616293,0.1177001811348881,0.1182732822875357,0.1191239162929459,0.1223687532929507,0.1215147626611749,0.1213580955521022,0.1213580955521022,0.1213527395018799,3,0.001,0.1189735038572146,8
0,0.1554396460471914,0.1216926482944481,0.1216832288562046,0.1218940722458985,0.1283192335277616,0.1171920601590711,,0.1262072857389998,0.1219409647559401,0.1243806471095235,0.1200087041103094,0.1195469301554377,0.1179950741092272,0.1184512212301033,0.119171896955037,0.1228978896135641,0.1219499262733264,0.1218943265897747,0.1218943265897747,0.1216774107931217,4,0.001,0.1186834105320883,8
0,0.1608169289335569,0.1243630943372373,0.124269101725804,0.1244206010985796,0.1312860605839095,0.1209034113968023,,0.1402501880191979,0.1244728684520907,0.1336610222390552,0.1261739875958875,0.1257604069157015,0.1238346677411666,0.1225511935722046,0.1271517011403992,0.1266806407050708,0.1235814645471398,0.1232882844781965,0.1232882844781965,0.1231442902887708,0,0.005,0.1227666011332428,8
0,0.1608757928994322,0.1238726534246304,0.1237904129313455,0.1239319946174467,0.1307622882162,0.1199411654520449,,0.1400487210015601,0.1244640557894399,0.1330921839969194,0.1257660836299394,0.124375642212,0.1218916094744298,0.1217557027614495,0.1268109528924577,0.1269299761854192,0.1233005053198981,0.1234324764394305,0.1234324764394305,0.1224656472021066,1,0.005,0.1221117947992649,8
0,0.1598625554203721,0.1229448872585312,0.1228436939663213,0.1229452425342571,0.1298818871569176,0.1191243615331408,,0.1366879672633399,0.1243437120605734,0.1320809861611355,0.1237694529730261,0.1247124268032329,0.1224174912062286,0.121574564185345,0.1254236500275689,0.1264534808965278,0.1231188059438829,0.1227118484048361,0.1227118484048361,0.1228308662338129,2,0.005,0.1213884442683573,8
0,0.1598124061908104,0.1233213790154857,0.1232478868123566,0.1234288349031163,0.1303609490895839,0.1196400331875786,,0.1401964817029347,0.1246199154010998,0.1347644069026639,0.1261248594580132,0.1244583391160243,0.1238738782899478,0.1218998144321952,0.1279556504284314,0.1268795520087889,0.1234363392462628,0.123396249824159,0.123396249824159,0.1231044073978728,3,0.005,0.121841864742196,8
0,0.1615530479299717,0.124715031869645,0.1246586976471086,0.1247442257633702,0.1317395436384639,0.1210839541161013,,0.1376206061260392,0.125241088408492,0.1318886243346149,0.1238284608683696,0.1247821004394196,0.1205574789971121,0.1207092552466499,0.1245155150965933,0.1271122039220017,0.1238879654161695,0.1234736484505878,0.1234736484505878,0.1227688579928793,4,0.005,0.1214500015707045,8
0,0.1697244788400697,0.1265950979273435,0.1263780704886618,0.1264475340577012,0.1344878101340493,0.1235496155918517,,0.1471047588390458,0.1280385421632467,0.1391095971074252,0.1292350118641454,0.128094339822032,0.1248421785610286,0.1230789150471529,0.1321469061871618,0.130558242960127,0.1250418609177055,0.1241945104921208,0.1241821264228903,0.1246242401937805,0,0.01,0.124227890858145,8
0,0.1624022073301154,0.1256915390617929,0.1254891591549311,0.1254832905235224,0.1328020125724129,0.1217863113169697,,0.1459480426261561,0.1272446462429968,0.1392287993773612,0.1275802579035862,0.1284070188556447,0.1260832009075872,0.1252573743385874,0.1285339999060002,0.1318781376248524,0.1256670302850479,0.12456342912379,0.12456342912379,0.1249186910101287,1,0.01,0.1253466731227685,8
0,0.1647584629464296,0.1267725809843402,0.1265821668636947,0.1265455699575937,0.1340549638309075,0.1243357501939954,,0.1485275701844028,0.1274896845468826,0.1385309649726168,0.1301208578988426,0.1279569755012812,0.1251413179904383,0.1236105954125563,0.1328961299760105,0.1308249077993117,0.1246856230888523,0.1236359475010576,0.123639458594623,0.1233807250211529,2,0.01,0.1236020350438931,8
0,0.1744088806200469,0.1286133273161371,0.1284073087048272,0.1284562487399924,0.1370427004945542,0.1263148165674576,,0.1500452176412203,0.1280823636832384,0.1390673122051112,0.1304147718267976,0.129020080408106,0.1271859028881038,0.1250832541475229,0.1338737262769733,0.1318028480376388,0.1260686916505911,0.1245235387936311,0.1245235387936311,0.1250394329104929,3,0.01,0.1260957885312284,8
0,0.1634629824963643,0.1252994407928097,0.1251578433272688,0.125207933327108,0.1321867393060337,0.11970373413748,,0.1492635547962262,0.1271613923676682,0.1372030407896049,0.1302094792419848,0.1282000250480912,0.1255801944713037,0.1234596960561255,0.1326193362079554,0.1305261959769228,0.1256898652570455,0.1245548837198886,0.1245548837198886,0.1238322164540832,4,0.01,0.1245301527774206,8
0,0.1987813521565553,0.1423209329943141,0.1415661480581264,0.1411958666283807,0.1522094854550392,0.1403935265985429,,0.162657793790219,0.1427895403087333,0.1461255981683915,0.1405558032268624,0.1411661942807505,0.1313861981905305,0.130863235790698,0.1434269560777225,0.1434390277829658,0.138718528201123,0.1329005370818331,0.13256834195293,0.13502841558243,0,0.05,0.1349046174299189,8
0,0.1981920479318829,0.1419044420448773,0.1411729990648816,0.1406411622655658,0.1518272048196679,0.1368069334339993,,0.1660631520677037,0.1422568121915011,0.1471166711888586,0.1425109629552635,0.1428758191655868,0.1314757377345751,0.1312246091600424,0.145619471619298,0.1433032284076895,0.1381055390005632,0.1322606974658776,0.1320611527018901,0.1348479592051437,1,0.05,0.1337227307651706,8
0,0.1909858362546693,0.1425929642998355,0.1418666179429136,0.1412957025126117,0.1515713473206621,0.1365627372343462,,0.1607492930272998,0.1419108713628129,0.1468329301058634,0.1390683724375778,0.1406779517510467,0.1312842419846765,0.1323598360790984,0.1422739486382119,0.1431411335265443,0.13748311472734,0.1314937229519814,0.1313698429301602,0.1364533758104489,2,0.05,0.1338572851793023,8
0,0.1881790589268235,0.141648701776467,0.1408929363839921,0.1402511907716244,0.1505651673608821,0.1373407354566973,,0.1617534013101561,0.142000490153348,0.1462636648392901,0.1382158568542796,0.1394582130992525,0.1309683865113128,0.1323266876531566,0.1406477798888102,0.1431930281344255,0.1374546698753556,0.1327370532172086,0.132486685105562,0.1355511597591082,3,0.05,0.1343002873449339,8
0,0.1942671702363376,0.1430188693666034,0.1422215088844328,0.1415451356349734,0.1522843305075256,0.1384881355268831,,0.1627579160966695,0.1402030628589299,0.1459197513000282,0.1398451345652529,0.1416121902117718,0.1310661270127386,0.131327502082774,0.142804350911823,0.1429633600761056,0.1365809350778975,0.1318071693899264,0.131737234628884,0.1350496871566901,4,0.05,0.1326040225999423,8
0,0.2157342608692662,0.1554840090472702,0.1542839855826467,0.1533428614987186,0.1677536036153339,0.1496618882374601,,0.1663994890118958,0.1494956194593744,0.1483091631873152,0.1437144508079967,0.14694790810124,0.1334904461965259,0.1376353683565367,0.1447857379565372,0.1513438116802919,0.1492109247791649,0.1406933877035038,0.1391250904423935,0.1462362675535695,0,0.1,0.1370339726322862,8
0,0.2018616368364242,0.1525968202268803,0.1514070405021347,0.1503155586542809,0.1627915458487165,0.1478217937144368,,0.1681159212771094,0.1497007491831507,0.1482460796387777,0.1463769541883423,0.1470747374435821,0.1341699518623456,0.1373746336666271,0.1464186907746139,0.1523387333435438,0.1495419526355697,0.1393476058613705,0.1381642110382786,0.1448917006856104,1,0.1,0.1389309733094092,8
0,0.1975138926933706,0.1515176774343121,0.1503441979554974,0.1492084515317658,0.1606908227173074,0.1449168275360391,,0.166010882894625,0.1485189922839182,0.1486637787058717,0.1449745853855547,0.1464877860690782,0.1327909218720512,0.1352435630295038,0.145894354014215,0.1518945909428683,0.1498280412173546,0.1397806154858384,0.1384939050296686,0.1459185865114007,2,0.1,0.1376894834135434,8
0,0.2101915594286428,0.1542060904263494,0.1530921207347402,0.1520410201350744,0.1660418831345602,0.1461748826864192,,0.1670795344297855,0.1488783582737987,0.1484032602179616,0.1490687715047788,0.1494451257605638,0.1343451870693777,0.136902286072561,0.1486609260998576,0.1519760402375215,0.148485313613637,0.1388568588971809,0.1377881787263708,0.1450260732069725,3,0.1,0.1383669347443838,8
0,0.2153680395516804,0.1542028845140255,0.1530954585243838,0.1522696739007865,0.1663567338642405,0.1498488685797754,,0.1660610485339102,0.1504586382691533,0.1480158333078209,0.1457032579019588,0.149224903468193,0.1337975600184276,0.137605699593675,0.1469503851182331,0.1525350275529061,0.1503083932563029,0.1404822731521296,0.1393563668723752,0.1462365303832306,4,0.1,0.1393359498497523,8
0,0.2383240714183231,0.1672755830814067,0.1679339595529229,0.1674933470456729,0.1732194185829721,0.1474091826001131,,0.1688940972250592,0.1672755810188561,0.1688940978701355,0.1502742906306267,0.148079266607974,0.1474091827052448,0.1472597405979496,0.1506554248685646,0.1672755830814068,0.1672755830814068,0.1672755830814068,0.1672755830814068,0.1672755830814068,0,0.0,0.1505616803802459,16
0,0.2383240714183231,0.1672755830814067,0.1679339595529229,0.1674933470456729,0.1732194185829721,0.1474091826001131,,0.1688940972250592,0.1672755810188561,0.1688940978701355,0.1502742906306267,0.148079266607974,0.1474091827052448,0.1472597405979496,0.1506554248685646,0.1672755830814068,0.1672755830814068,0.1672755830814068,0.1672755830814068,0.1672755830814068,1,0.0,0.1505616803802459,16
0,0.2383240714183231,0.1672755830814067,0.1679339595529229,0.1674933470456729,0.1732194185829721,0.1474091826001131,,0.1688940972250592,0.1672755810188561,0.1688940978701355,0.1502742906306267,0.148079266607974,0.1474091827052448,0.1472597405979496,0.1506554248685646,0.1672755830814068,0.1672755830814068,0.1672755830814068,0.1672755830814068,0.1672755830814068,2,0.0,0.1505616803802459,16
0,0.2383240714183231,0.1672755830814067,0.1679339595529229,0.1674933470456729,0.1732194185829721,0.1474091826001131,,0.1688940972250592,0.1672755810188561,0.1688940978701355,0.1502742906306267,0.148079266607974,0.1474091827052448,0.1472597405979496,0.1506554248685646,0.1672755830814068,0.1672755830814068,0.1672755830814068,0.1672755830814068,0.1672755830814068,3,0.0,0.1505616803802459,16
0,0.2383240714183231,0.1672755830814067,0.1679339595529229,0.1674933470456729,0.1732194185829721,0.1474091826001131,,0.1688940972250592,0.1672755810188561,0.1688940978701355,0.1502742906306267,0.148079266607974,0.1474091827052448,0.1472597405979496,0.1506554248685646,0.1672755830814068,0.1672755830814068,0.1672755830814068,0.1672755830814068,0.1672755830814068,4,0.0,0.1505616803802459,16
0,0.2384361746373768,0.1675043787988483,0.1681129065757833,0.1676784199497606,0.1734836552718665,0.1476963149642048,,0.169899161005718,0.1687810560909635,0.169744830261655,0.1510742464955531,0.1489940569976734,0.1478879281505536,0.1474087014432954,0.1508376167269387,0.1678428578011406,0.1673054302411952,0.167339688101616,0.1671690768102999,0.1687727904374097,0,0.001,0.1512360725763222,16
0,0.2386195147919437,0.1675011235953064,0.1680963569554232,0.1676678629932864,0.1735151612407234,0.1479431713412243,,0.1697334132274282,0.168215015546261,0.1696950359819751,0.1510193476286892,0.1487743964549587,0.1475333393774599,0.14749473390557,0.1509173731439078,0.1679123069676097,0.1676254626342122,0.1676183727891873,0.1673719855231339,0.1693001629984781,1,0.001,0.1508629301547179,16
0,0.2384034298536882,0.1677258801969413,0.1683266432176725,0.1679189257942019,0.1735647474348519,0.1479726903306746,,0.1706567339079169,0.1678613063755013,0.1696486644387241,0.150671690242039,0.149098281085701,0.1475770616527282,0.1474720593765368,0.1509969558915405,0.1677241411889644,0.1674537204544323,0.1676011664858437,0.1676215680395386,0.1680882613832104,2,0.001,0.1525747440840144,16
0,0.2386838018253281,0.1674365197117047,0.1680590892407624,0.1676300203603991,0.1734073510367848,0.1477292501063531,,0.169922723167089,0.1681262013569462,0.1695315051322351,0.1510178455098955,0.1488173605764857,0.1474519384994405,0.1473622751015547,0.1510949917572781,0.1680028605369601,0.1675589995032446,0.1675223771643346,0.1673729357375852,0.1685295739467062,3,0.001,0.1523680179396626,16
0,0.2387178048084511,0.1678226407717946,0.1684360504431245,0.1679931317521458,0.1736837349612684,0.1478186410815855,,0.1700356552940395,0.1683003410591699,0.1691600791154858,0.1502583882431756,0.1484660071130928,0.1475203825957265,0.147169695718391,0.1504470060343611,0.1678025518841048,0.1674935333928786,0.1674441819206295,0.1673067106911757,0.1687603055286047,4,0.001,0.1511775351149479,16
0,0.2417419860252597,0.1685613841314241,0.1689882572407319,0.1685937090432,0.1745137156185155,0.1490504105183575,,0.1744834562973265,0.1699517884392139,0.1727836674597967,0.1516772413856113,0.1509037337587366,0.1493543513235968,0.1490747903543127,0.152477795096942,0.1689178126308278,0.1681526435048519,0.1681321465010657,0.1675573831959168,0.1729582720255855,0,0.005,0.153340859465302,16
0,0.2444378582808325,0.1689784798180739,0.1694327902169438,0.1690509136286226,0.1749467294594841,0.149421937507708,,0.1740613169377072,0.1712286765209641,0.1728821506447476,0.1528111193745368,0.1516814495139814,0.1490342864885738,0.1483909778686223,0.153029627313262,0.1706252763123258,0.1689146324496348,0.1686489743360542,0.167615093289308,0.1729309359750742,1,0.005,0.1558917961480327,16
0,0.2412432641594373,0.1683196462718616,0.1687141323839671,0.1683309084779354,0.1745229003862465,0.1491100039966754,,0.1742083009374621,0.1705167425730883,0.1719591217852203,0.1512037189579744,0.1511498769280772,0.1491262581144258,0.1486725714286013,0.1526155149725317,0.169408696028935,0.1687212285373038,0.1690648290405658,0.1683257655730207,0.1754638631479703,2,0.005,0.1536015555873646,16
0,0.2409220864016603,0.1689403013378619,0.1693538008958982,0.1689312258606593,0.1749974448521953,0.1483897430188205,,0.1739939892606384,0.1713468661667904,0.1732004912188672,0.1522527345893406,0.1512701192324593,0.1487383839027896,0.1485389374153542,0.1522792942265668,0.1695198024836949,0.168451371390814,0.1685236388212412,0.1681732326986315,0.173352622388331,3,0.005,0.1540985707546884,16
0,0.2424065637798079,0.1683691000183513,0.1688035487669606,0.168428708854236,0.1743313814953553,0.1496049990954551,,0.1758687006489447,0.1707806879832077,0.1735037103962244,0.1539903497900956,0.1518492605616611,0.1503776335832558,0.149783729209969,0.1534758216964365,0.1695646310185642,0.168573046877205,0.1688284390946847,0.1682490000343463,0.175294971184026,4,0.005,0.1552528899398731,16
0,0.2437538811216794,0.1696178500197085,0.1697763393381101,0.1694376268473914,0.1762777509351508,0.1499017608653761,,0.1788379469421424,0.1726217744003061,0.1757500137918074,0.1557911435806857,0.1546377327823391,0.1506800241657231,0.1495882943582788,0.1542306489604889,0.1706799186836707,0.1699199825218767,0.1700844410984393,0.1690966442427391,0.1753675725508184,0,0.01,0.1562483431048522,16
0,0.2437384258574207,0.170026482947468,0.170228115552584,0.169883301416502,0.1762696819245889,0.1514677335571704,,0.1768631987360787,0.1724685303132509,0.1758497857059318,0.1536329231675607,0.1554120744113563,0.1502836234848377,0.1491226551740574,0.1536909568164475,0.1720035588289325,0.1694784022527276,0.1696023010553563,0.1682074488909579,0.1780892948101485,1,0.01,0.1564318177040363,16
0,0.2431999001279123,0.170330669284583,0.170566917076973,0.1701770702622866,0.1766995795693531,0.1508951143797694,,0.1780171774534433,0.1729269071176213,0.1764188966539065,0.1562681009234524,0.1553616607491312,0.1513147695785067,0.1495906686674025,0.1555173625005636,0.1711819203340576,0.1696697489372882,0.1697097378838583,0.1687738836446801,0.1793276785710946,2,0.01,0.1566942559606201,16
0,0.245832116975804,0.1697694006963576,0.169920547519226,0.1696016609247344,0.1758774131953998,0.1506567292116175,,0.1781024847496247,0.1728096218828453,0.1746711688911241,0.1554709984810962,0.1553511500857046,0.1505268563329984,0.1495716480829191,0.1551905529006277,0.1704742296467278,0.1691486580404585,0.1690940760967823,0.1686921596008704,0.1769600744198864,3,0.01,0.1538689414618227,16
0,0.2418116937321688,0.1699754701125375,0.1701556411397428,0.1697960544091025,0.1764783508397457,0.1496810082297503,,0.178348081827018,0.1736554244685393,0.1771417243557968,0.1544338090229335,0.1531911103340313,0.1511224433569522,0.1491349377578757,0.1529577055017692,0.1709630161622564,0.1700302056903771,0.1702796546238953,0.1688887274930539,0.1797342004590084,4,0.01,0.1552295241305117,16
0,0.263210524613849,0.1785351228747616,0.1775668270503466,0.1773978476205929,0.1861715146854758,0.1596280165165115,,0.1857330734675188,0.1795609429970849,0.1799225424866594,0.1573203710476368,0.1636890447710418,0.1548226232147736,0.1520975200496907,0.1571031339853263,0.1761315290744515,0.1766786207457309,0.1756447556988904,0.1722235818795795,0.1930589732399192,0,0.05,0.1575323405668032,16
0,0.2559140982322524,0.1771320377429698,0.1761902183670349,0.1760720800975199,0.1845015303442885,0.1583078220764514,,0.1889054654836555,0.1802511177269019,0.1797372664003695,0.1588800274710551,0.1634474973274472,0.1543308025489947,0.1523598575806346,0.1581755249552475,0.1760946827274674,0.1765318426381143,0.1757951672171692,0.1724957395094617,0.1940231158894959,1,0.05,0.1589601179102044,16
0,0.2594633864845781,0.1777153345789549,0.1767532713699824,0.1766225042824802,0.1848433125615973,0.1572089776507397,,0.1883547523667452,0.1809889511836467,0.1796520640190215,0.1592875070725627,0.1628310673878501,0.1544220645549549,0.1530689020456832,0.1577161226881763,0.1766753437439257,0.177362824227187,0.1761315030988546,0.1731246676066522,0.1890967730718529,2,0.05,0.1566675288630419,16
0,0.2639522105382,0.1793225058946232,0.1781261593851336,0.1780971094415995,0.1869058570353653,0.1582782724083284,,0.1874143306477008,0.181133313837633,0.180639764618641,0.1584774311519503,0.1618679626352084,0.1538287102025367,0.1523287362235509,0.1570129179049036,0.1759950839987061,0.1765745005696738,0.1760798808053248,0.1730201636049197,0.1924142377399831,3,0.05,0.1581517749920402,16
0,0.2607558629426577,0.1780895719663375,0.1772491358684233,0.1770488558474111,0.1854097461055232,0.1590119623427741,,0.1871835529638198,0.180291708553663,0.1801236630082066,0.1600245255775485,0.1638302618491013,0.1545759002654465,0.153193952424333,0.1581741187035702,0.1768387820646237,0.1783844512560357,0.177058009647419,0.1732160422666775,0.1906201200689876,4,0.05,0.1597623049579039,16
0,0.2682572371470373,0.1844589703134696,0.1827093222506682,0.182831009681408,0.1931741437612057,0.1625806679826798,,0.1940866163318092,0.1848168888133154,0.1807638021668313,0.1631080195672932,0.1653367936907481,0.156834992798556,0.1541322075366276,0.1617982263574961,0.181030124562514,0.183808075480458,0.1817525285407547,0.1772326490368358,0.1962086275365459,0,0.1,0.1618537675437442,16
0,0.2708495754771042,0.1841078718667997,0.1824201270604933,0.1824571934752765,0.1937644125288564,0.1642698622633868,,0.1930982205813068,0.1865503764518209,0.1818535235588765,0.1627692565796014,0.1639500618118322,0.1575040934707872,0.1552731782238932,0.1619367795991068,0.1805556924307524,0.182420032594795,0.1813535472352339,0.1771512793332433,0.1960359652417236,1,0.1,0.1601286831248302,16
0,0.2751202475806898,0.1828574610790089,0.1811630246512033,0.1812501918772891,0.1910373732187873,0.1648147351806925,,0.1908151176812869,0.1835586125082827,0.1813452744158343,0.1607943429073416,0.1658067535690397,0.156068296529787,0.1533449829852355,0.1600226523455117,0.1794017961397773,0.181232312416297,0.1798211838152598,0.176200918847141,0.1955306797273057,2,0.1,0.1598277042582551,16
0,0.2815538650665782,0.1833915017533744,0.1817272220572219,0.1818707826018336,0.1924999666990832,0.1648847634543735,,0.1923482585938827,0.184799766414892,0.1806674135235854,0.1617120208392172,0.1643159620303524,0.1567573044159959,0.1542286067745042,0.1598386853625382,0.1793124904798001,0.1818872758755432,0.179917061015264,0.1756774166641643,0.1949651415479614,3,0.1,0.1602902232172168,16
0,0.2756130019719919,0.1846771016211235,0.1828147223880245,0.1829189146911159,0.1926693526457804,0.1657924710535074,,0.192408170135843,0.1858906317445265,0.1820531557513444,0.1587595340470524,0.1638886226886946,0.1574823169584072,0.1542760218316642,0.1583297548738123,0.1809945947603019,0.1826882328963192,0.1814502832979198,0.1772426639967036,0.1968031044388323,4,0.1,0.1630892886295973,16
0,0.2983342860822543,0.1872786884221687,0.1873355510963129,0.1874277876839324,0.1921239367412489,0.1571882370205769,,0.1894186044651104,0.1872786946970982,0.189418602058742,0.1575048591388161,0.1552943784036119,0.1571882367350459,0.1546822069673868,0.1554792915197868,0.1872786884221687,0.1872786884221687,0.1872786884221687,0.1872786884221687,0.1872786884221687,0,0.0,0.155299644423585,24
0,0.2983342860822543,0.1872786884221687,0.1873355510963129,0.1874277876839324,0.1921239367412489,0.1571882370205769,,0.1894186044651104,0.1872786946970982,0.189418602058742,0.1575048591388161,0.1552943784036119,0.1571882367350459,0.1546822069673868,0.1554792915197868,0.1872786884221687,0.1872786884221687,0.1872786884221687,0.1872786884221687,0.1872786884221687,1,0.0,0.155299644423585,24
0,0.2983342860822543,0.1872786884221687,0.1873355510963129,0.1874277876839324,0.1921239367412489,0.1571882370205769,,0.1894186044651104,0.1872786946970982,0.189418602058742,0.1575048591388161,0.1552943784036119,0.1571882367350459,0.1546822069673868,0.1554792915197868,0.1872786884221687,0.1872786884221687,0.1872786884221687,0.1872786884221687,0.1872786884221687,2,0.0,0.155299644423585,24
0,0.2983342860822543,0.1872786884221687,0.1873355510963129,0.1874277876839324,0.1921239367412489,0.1571882370205769,,0.1894186044651104,0.1872786946970982,0.189418602058742,0.1575048591388161,0.1552943784036119,0.1571882367350459,0.1546822069673868,0.1554792915197868,0.1872786884221687,0.1872786884221687,0.1872786884221687,0.1872786884221687,0.1872786884221687,3,0.0,0.155299644423585,24
0,0.2983342860822543,0.1872786884221687,0.1873355510963129,0.1874277876839324,0.1921239367412489,0.1571882370205769,,0.1894186044651104,0.1872786946970982,0.189418602058742,0.1575048591388161,0.1552943784036119,0.1571882367350459,0.1546822069673868,0.1554792915197868,0.1872786884221687,0.1872786884221687,0.1872786884221687,0.1872786884221687,0.1872786884221687,4,0.0,0.155299644423585,24
0,0.2986294751069355,0.1873308485195394,0.187383828269418,0.1874761815431155,0.1921847798732786,0.1572177287452847,,0.189456271645646,0.1877663106307637,0.1895924161677342,0.1580357582735903,0.1562409156114021,0.1576704724017378,0.1548339927606167,0.1551951789060426,0.1876149946562957,0.1873993731868943,0.1874157982884506,0.1874009867854185,0.1872507741368094,0,0.001,0.1558232283661526,24
0,0.2985821523259444,0.1874167620702132,0.1874628738902639,0.1875563665592739,0.1921618104635709,0.1576501495252196,,0.1900328420674285,0.1876603554344214,0.1897546598943227,0.1585875027353537,0.1555970104143287,0.15812039517888,0.1553315994862855,0.15549803094387,0.1877103446811802,0.1873517456285934,0.1872770370907582,0.1872871406165746,0.187284344490531,1,0.001,0.1565815701340722,24
0,0.2992059111857478,0.1875572118599806,0.1875860447570624,0.1876589724657129,0.1924892709139292,0.1581039396769488,,0.1902042418277644,0.1878196682323814,0.1898878575272189,0.1580733558889025,0.1558766436381057,0.157716310203942,0.1553889913490195,0.1559151284111864,0.1877942668770469,0.1875602161894539,0.1875487655837677,0.1875261152585144,0.1876001216087903,2,0.001,0.1567365350568672,24
0,0.2984181085327302,0.1873585531216957,0.1874034875949621,0.1874891034343069,0.1922438701336274,0.1573589464426265,,0.1897798125451929,0.1881355501401661,0.1895664683147829,0.1584620698861383,0.1562191033246712,0.15743710754618,0.1549035518660722,0.1557238625126862,0.1877982350223125,0.1874706218808683,0.187438478943197,0.1874527090842604,0.1874120122324083,3,0.001,0.1555229337175487,24
0,0.2990510068052134,0.1874007903508382,0.1874455145829338,0.1875301640463327,0.1922362055356813,0.1572595046975381,,0.1899129428433444,0.1874730050595347,0.1894518697360955,0.1573022389954595,0.155553781612242,0.1570779164488757,0.1546107585715021,0.1553955334413894,0.1878960397557912,0.1874962301426031,0.1875958235004916,0.1875296459762634,0.187432128676081,4,0.001,0.1553900586901668,24
0,0.300514795329073,0.188158225827279,0.1881745546560939,0.1882313225414045,0.1931838796011357,0.1593464763419758,,0.1921507909668962,0.1907647652528334,0.1902213963030333,0.1589833379328787,0.159273296406695,0.1573983089295225,0.1552526972876486,0.1558520885386312,0.1885881935324612,0.187816045861929,0.1881689482764727,0.1878948192518295,0.1879044576453339,0,0.005,0.1591068533535147,24
0,0.3007717955126033,0.1883743711086399,0.1883473225502942,0.1884074978588781,0.1932782934164438,0.158997966817781,,0.1923292896724696,0.189783509024433,0.1906571524199344,0.1591243773099953,0.1583308763098116,0.1591690771548564,0.1562989777969727,0.1557390176410715,0.1886363604759059,0.1882179898252516,0.1882635708694109,0.1881601908881938,0.1880848819458244,1,0.005,0.1590002509040169,24
0,0.2986130261643847,0.1880763971712525,0.1880668085379606,0.1881248721959283,0.1930499207684677,0.1586185521969196,,0.1913823994815713,0.1890876055219228,0.1911686957028875,0.1594654979016807,0.1573176483626678,0.1588070998413773,0.1561584201196879,0.1557457583525946,0.188434481507418,0.1880568745920793,0.188007451825288,0.1879477267081995,0.1877906436759641,2,0.005,0.1591583597640247,24
0,0.2999051124389312,0.1876121461241416,0.1875823803870387,0.1876536679622359,0.1924330085832926,0.1593300873409559,,0.1917275575108132,0.1893305718244738,0.1900309824292931,0.1596148591436053,0.1588373499423742,0.1585611321650592,0.1559831282528812,0.1563781465902796,0.1886419467234523,0.1876577648610336,0.1877303650327777,0.1876496725299302,0.1876127697855635,3,0.005,0.1593521999944143,24
0,0.2994440386815538,0.188324935384445,0.1882848690417952,0.1883106734416533,0.1936079940315589,0.1600889480144895,,0.1926147835076287,0.1901061551932115,0.1906634694323027,0.1605257751784944,0.1583547174800119,0.158712994103178,0.1560353391895043,0.1572740269656373,0.1891578850356879,0.188116306851532,0.1880411005188432,0.1880170025860448,0.187951068686587,4,0.005,0.1584779430981738,24
0,0.2990546461931833,0.188537802898896,0.1884609290844355,0.1884552247726215,0.1938197847352095,0.1610575741437729,,0.1933251946520394,0.1919601523387323,0.1920129685323415,0.1611214061001425,0.16112990653848,0.1598255310304649,0.1563035987264055,0.1559256948856257,0.1896928725088821,0.1883074981348667,0.1881151601622907,0.1881297494987403,0.1878715246456398,0,0.01,0.1631996693514454,24
0,0.3015510913218823,0.1885474117499524,0.188453202014196,0.188454724218001,0.1935423677424979,0.1613149413491656,,0.1931650765814533,0.1916114587182687,0.1921126775512728,0.1626560690737326,0.1615042778427064,0.15906031732546,0.1562293390586341,0.1569480636127809,0.1900430425309707,0.1882868451306081,0.1880088418301354,0.1879905165829448,0.188096665276174,1,0.01,0.1615658974513165,24
0,0.307221238522988,0.1890909158577148,0.1890194377563311,0.1890626632320254,0.1941324319973475,0.161540631680487,,0.1933089120095295,0.1945284329344884,0.1920704127641672,0.1606939566720143,0.1621863304071388,0.1590318999342666,0.1565285419865585,0.1573704632504778,0.1908765128084318,0.1885241748342902,0.1885613971800164,0.1883340719017937,0.1882430100734223,2,0.01,0.1618066929297849,24
0,0.3018589978800729,0.1884481493769408,0.1883749674177106,0.1883900055715107,0.1935286460409671,0.1584920475396836,,0.1926827379731821,0.1936634151971487,0.1920887779550974,0.1621378571779562,0.1621723926828059,0.1597240548930671,0.1558762642625975,0.1568048868532933,0.1906408997570599,0.188805972215307,0.1884053513431214,0.1885251431932665,0.1885534017597451,3,0.01,0.1609289713683512,24
0,0.3032400093285277,0.1884347138829077,0.1883506283918188,0.1883704492849971,0.1933965664244449,0.1600667224723051,,0.1929986365986133,0.1918574582829806,0.191510173052279,0.162845625440741,0.1632127469871869,0.1593031146297847,0.156287289478031,0.1572871459799702,0.1896114554642045,0.1882674210971005,0.1879582617721285,0.1880137560498678,0.187776818318464,4,0.01,0.1612781484114731,24
0,0.3223942465555974,0.1927139347639613,0.1922806305024197,0.1921685924696171,0.1978748403299026,0.1690385420257318,,0.1991873791534077,0.1995275296206278,0.1947815701551431,0.1663541402342292,0.1720592263131292,0.1609603148938292,0.157590671000434,0.1614427271880207,0.1924650442053266,0.1905708876558915,0.1905808887314996,0.1906046067052111,0.1913677126800022,0,0.05,0.1666808111717703,24
0,0.3120101095087384,0.1912652771856948,0.1908713604579014,0.1907835747480915,0.1965535022727798,0.1687983692995058,,0.1984223800371354,0.200192722404603,0.1948622591267338,0.1664544118172682,0.1718488434582428,0.1605953158338479,0.1574204526975799,0.1608473058136278,0.1923841191340325,0.1905110775708174,0.1905695873745879,0.1905621403375556,0.1913689596622808,1,0.05,0.1656665030454241,24
0,0.3118020630291812,0.1922977751558341,0.1919043134450881,0.1917553831069534,0.197672938386527,0.1689620921090812,,0.1990408791493698,0.2019279487892355,0.1942987610672769,0.1662522960682276,0.1727771442429974,0.1611298513733457,0.1577189029627481,0.1611728689789388,0.1923829330999914,0.1898996102111101,0.1900766434335009,0.1901014292136048,0.1911269024406626,2,0.05,0.1665625317942979,24
0,0.3129024973681283,0.1918401137638095,0.1913980682040744,0.1912717934724196,0.1972891023481507,0.168043076691412,,0.1985511992219452,0.198994136909891,0.1945220436501766,0.1663917282163919,0.1719290013703398,0.1609742292059688,0.1578114247585751,0.1605622860698386,0.1927158260713766,0.1902664179378551,0.190662207990601,0.1903986912153809,0.1913041531692402,3,0.05,0.1653027901452598,24
0,0.3163238090508405,0.1914473685473059,0.1910281261740548,0.1909452684230863,0.1967746057873166,0.1645636430587187,,0.2000524761063827,0.2007809609857256,0.1950339522932573,0.1648488490895197,0.1714834239599202,0.1602785088598093,0.1575786823866577,0.1602635482603145,0.1921167414023247,0.1906938004376099,0.1906210409977881,0.1903363389724965,0.191202609568345,4,0.05,0.1656894383690836,24
0,0.3202766081691977,0.1959673063277945,0.1953500832840365,0.1950719306255847,0.2028234656521907,0.1730171249501867,,0.2020572008401868,0.201813432048331,0.1953913085024008,0.1675883702780422,0.1715277682062845,0.1604897392425593,0.1567549156776595,0.162962759726044,0.1935139041115093,0.191621703580351,0.1917155356672152,0.1916651369806881,0.1941421125859632,0,0.1,0.1672652679336695,24
0,0.3254091448341108,0.1957399884574401,0.1950845550202037,0.1948424515868876,0.201861495107285,0.1724419116557653,,0.2002909333997882,0.2021786270649941,0.196650070631938,0.1670156026552669,0.1711427516023793,0.1609319058469101,0.157875483239745,0.1629236359225516,0.1939006433318477,0.1922735255502345,0.1925507562396472,0.1923010126755889,0.1950491627195425,1,0.1,0.1665037928238001,24
0,0.3259123176711067,0.1961415501145278,0.1955174659684527,0.1952847432612286,0.2019882631687238,0.1739190176729799,,0.2021159367630328,0.2024674346239612,0.1957937959932232,0.1668118510067501,0.1711034324198328,0.1608848883773199,0.1576121401771684,0.1626120447370875,0.1934526775781706,0.1920655438991181,0.1922772498892362,0.19191163201532,0.1948232021733795,2,0.1,0.1664722218509135,24
0,0.3279055567306961,0.195407249397407,0.1947305970355581,0.1945012150357134,0.2013643642762258,0.1747977530969269,,0.2019636827982036,0.2041555130568852,0.1979644431232179,0.1675019937093883,0.1706798188740957,0.161661039794655,0.1580574334940721,0.1633836544367693,0.1940011318162281,0.19369527833452,0.1933446797108986,0.1927897210123096,0.1949695453479732,3,0.1,0.1675904350534041,24
0,0.3232910984713901,0.1942852104191915,0.1936435879537718,0.193415471626329,0.2007338437630763,0.1703031638308823,,0.2030225253698965,0.2008847484751615,0.1957707980127925,0.1673000186134704,0.1710655523304028,0.161088335576242,0.1574488634264278,0.1633453478395858,0.1941872705274882,0.1923991702097009,0.1922709121250847,0.1918030762115388,0.1947936311987947,4,0.1,0.1670162890563481,24
