,Pers,LS,Lasso,Ridge,LAD,NN,FA-greedy-LAD,FA-fixed-LS,FA-lin-fixed-LS,FA-greedy-LS,FA-fixed-NN,FA-lin-fixed-NN,FA-greedy-NN,FA-lin-greedy-NN,v2FA-lin-fixed-NN,FA-lin-greedy-LS-1,FA-lin-greedy-LS-2,FA-lin-greedy-LS-5,FA-lin-greedy-LS-10,FA-lin-greedy-LS-20,iteration,percentage,steps
0,0.0351980900380777,0.02604224738706,0.0261492063922131,0.0265961475124736,0.0261819311437471,0.0285639690698039,,0.0264175002269496,0.0265910241754588,0.0264001773261878,0.0288226456182521,0.0302322963177551,0.028580814963699,0.0290861260786956,,0.0266124819593657,0.0265914667934811,0.0265917215806908,0.0265934678044936,0.0264495430837629,0,0.0,1
0,0.0351980900380777,0.02604224738706,0.0261492063922131,0.0265961475124736,0.0261819311437471,0.0285639690698039,,0.0264175002269496,0.0265910241754588,0.0264001773261878,0.0288226456182521,0.0302322963177551,0.028580814963699,0.0290861260786956,,0.0266124819593657,0.0265914667934811,0.0265917215806908,0.0265934678044936,0.0264495430837629,1,0.0,1
0,0.0351980900380777,0.02604224738706,0.0261492063922131,0.0265961475124736,0.0261819311437471,0.0285639690698039,,0.0264175002269496,0.0265910241754588,0.0264001773261878,0.0288226456182521,0.0302322963177551,0.028580814963699,0.0290861260786956,,0.0266124819593657,0.0265914667934811,0.0265917215806908,0.0265934678044936,0.0264495430837629,2,0.0,1
0,0.0351980900380777,0.02604224738706,0.0261492063922131,0.0265961475124736,0.0261819311437471,0.0285639690698039,,0.0264175002269496,0.0265910241754588,0.0264001773261878,0.0288226456182521,0.0302322963177551,0.028580814963699,0.0290861260786956,,0.0266124819593657,0.0265914667934811,0.0265917215806908,0.0265934678044936,0.0264495430837629,3,0.0,1
0,0.0351980900380777,0.02604224738706,0.0261492063922131,0.0265961475124736,0.0261819311437471,0.0285639690698039,,0.0264175002269496,0.0265910241754588,0.0264001773261878,0.0288226456182521,0.0302322963177551,0.028580814963699,0.0290861260786956,,0.0266124819593657,0.0265914667934811,0.0265917215806908,0.0265934678044936,0.0264495430837629,4,0.0,1
0,0.0369334708085649,0.0280984652572388,0.0281500846638148,0.028502687042521,0.0284316437036071,0.0302944586914995,,0.0414201323858852,0.0303600590670573,0.0285046240973329,0.037808715882963,0.0339239390491377,0.0304904446971826,0.0301021555703499,,0.0449676255449176,0.032611774558873,0.0270828351573476,0.0270845497175737,0.0269432483727355,0,0.001,1
0,0.0365765691660229,0.0278993125255726,0.0279257001082896,0.0283325971895433,0.0281366953944461,0.0300275300065023,,0.0412196128567427,0.0299701486049222,0.0275955204285048,0.0373983514362175,0.0327669299845505,0.0294890586585586,0.0300386870868581,,0.0454634473091352,0.0338049950461974,0.0294981248410727,0.0269018318761381,0.026759565724488,1,0.001,1
0,0.043336433756453,0.0343450450126886,0.0342624519579722,0.0344208050796247,0.0353908616987227,0.0357716026520833,,0.0466102001602144,0.0299868303280856,0.0285622679199543,0.0396957734710595,0.0351035934227534,0.0302806228730605,0.03013330843523,,0.0447715894597918,0.0316825626033978,0.0270983310574703,0.0271000446373049,0.0269588245072947,2,0.001,1
0,0.0379887965071063,0.02913591899211,0.0291591307417216,0.0294784252340797,0.0296163301671036,0.0311634571875843,,0.043184709456611,0.0301941580106528,0.0279153045159005,0.0385612560143726,0.0337873212458074,0.0299657519357987,0.0300700586224203,,0.0453067374736195,0.0305394629334133,0.0270227731446436,0.0270244915154852,0.0268828744955171,3,0.001,1
0,0.0355468862728482,0.0267328840135089,0.0267835626225248,0.0272421012934191,0.0267611739265279,0.0292007318846894,,0.0425058217543945,0.0297463629650191,0.0274058264833463,0.0372002801489856,0.0333970260433559,0.0294219318438549,0.0298080557507497,,0.0427784786673521,0.0296135524075098,0.026822903304147,0.02682463447854,0.0266819567194475,4,0.001,1
0,0.0435202862603873,0.0347142005337638,0.0346101589091726,0.0347004185206793,0.0359198913576706,0.0360320975135587,,0.0689091825061552,0.0381229488103226,0.0312033678812739,0.0557441059009053,0.0435446580484422,0.0327116184414956,0.0328458233379976,,0.0750638724783293,0.04551268008954,0.0283771709540136,0.0280957355351416,0.0279595449664656,0,0.005,1
0,0.0473889455201101,0.0387372243802469,0.0384809559227863,0.0384572309591211,0.0401434700732736,0.0390249048003218,,0.0729924040200488,0.040058371390333,0.0326812721645999,0.0600782296480964,0.04411253607976,0.0340416073384598,0.0343559169065535,,0.0783201515565353,0.0514801660188136,0.0319383197056047,0.0287342108242944,0.0286010606650556,1,0.005,1
0,0.0608853692228735,0.0509613232621192,0.0505814602371246,0.0502451313776771,0.0536941952431052,0.0491679583119631,,0.0739386133378853,0.0400039969047899,0.0318940107528859,0.0607511091519963,0.0457389204376427,0.0329561424539265,0.0331887499382021,,0.0785370579789207,0.0515681530837155,0.0340622372721229,0.028342200819444,0.0282154942594001,2,0.005,1
0,0.053365839365206,0.0441049928575023,0.0437348706683051,0.0435828524904363,0.0461532256106579,0.0434228352750734,,0.0668807297367687,0.0372450490887983,0.0306205834504093,0.0540906393540219,0.0415798834578035,0.0318508477428662,0.0324137817051667,,0.0752912084385494,0.050387528921431,0.034059424243674,0.0275317147236912,0.0273927201113345,3,0.005,1
0,0.0467113237833569,0.0378572354851036,0.0376177958245775,0.0375922441974562,0.0391002895507976,0.0381636299889054,,0.0703584305858833,0.039634758015937,0.0322531451644563,0.0555382005019131,0.0428104727587441,0.033319594361647,0.0336380162295408,,0.08220440437342,0.0486798094220147,0.0396965536534684,0.0282842182209919,0.0281489395864903,4,0.005,1
0,0.0664342153755742,0.0566590528106515,0.0561310318949118,0.0557589392040707,0.059576351653315,0.0538357583126358,,0.0867118070891477,0.0455776222233034,0.0350843703184699,0.0681601751369481,0.0514825865813021,0.0358826467700744,0.0364213081799549,,0.1049999523232012,0.0593351234664785,0.0426327945864374,0.029954184694114,0.0298264811897127,0,0.01,1
0,0.061100176619746,0.0518385663970392,0.051422350863006,0.0511171727935376,0.0543686356908524,0.0501254801118031,,0.0842202140083572,0.0462797718994293,0.0351570212632431,0.0663878601463373,0.0513759740155582,0.0359119873058398,0.0377715864942213,,0.1049827657165194,0.066068848073684,0.0433285683855855,0.0302794670884172,0.0301531412398399,1,0.01,1
0,0.0723049887149342,0.0621202675653988,0.0616106149267475,0.061104123482629,0.0654378329454416,0.0588715845270351,,0.085393830387333,0.0466037972990725,0.035436972014724,0.0675799450564873,0.0529510302167365,0.0363038703001091,0.0380985595403832,,0.1022739817093241,0.0628587755137422,0.0446307587929889,0.0310673163043969,0.0309442069187213,2,0.01,1
0,0.0718398918484145,0.0612097346761569,0.0607346238625307,0.060183821484525,0.064747694949692,0.0578118853585137,,0.0839468342610924,0.0465769945980229,0.03517064851752,0.0682606208722271,0.0525579794052183,0.0360412185823912,0.0379556806176741,,0.107006945299752,0.0645653681340401,0.0414474118527615,0.030513526452391,0.0303881736211961,3,0.01,1
0,0.0815560641244682,0.0711976278104034,0.0705546698236693,0.0699573339556152,0.0749289072211552,0.0642967654303551,,0.0880014061460128,0.0492968025821527,0.0375177585359164,0.0710912564935807,0.0547873166015341,0.0374238498707131,0.0404249973409681,,0.1073129243230239,0.0674682678546492,0.0530120093962493,0.0314612063695565,0.0314041996967628,4,0.01,1
0,0.1093063613086808,0.097825934600754,0.0969082307305907,0.0958783878452013,0.1029254006070319,0.0936094512541444,,0.1107851110289994,0.0723024873093142,0.0565159295606994,0.0865684129397884,0.0829792386733727,0.0515830480059728,0.0659511815119728,,0.1627420751545086,0.0998299657075327,0.1158755406510622,0.0457932547009496,0.0494731840681613,0,0.05,1
0,0.1033345483271759,0.0929632558091918,0.0919682433631563,0.0910941597327717,0.0973392623220936,0.0888425174737956,,0.1173445212848971,0.0769868482837069,0.0589101856751438,0.0939877925138364,0.0863915720140395,0.0564552603832891,0.0687544425369963,,0.1659517315901999,0.1052061022005758,0.1139457417282892,0.0492135531882328,0.0481904654820687,1,0.05,1
0,0.1202166076657856,0.1075054548686778,0.1064867114530649,0.1053509568765576,0.1132398632817393,0.1000563590079356,,0.1118112597881265,0.074214334196391,0.0576274662949159,0.0881223117754557,0.0821361487835893,0.054678414094393,0.073221842824964,,0.1639302428289019,0.1016630615204373,0.1199328766041537,0.0474588750210672,0.046767745544551,2,0.05,1
0,0.1112745362536245,0.098676661547028,0.0976850862971652,0.0965919373278503,0.1041050255584729,0.0931799878594107,,0.1114096379785279,0.073670112347064,0.0557488723576291,0.088342107157957,0.0832818371723345,0.0527366109251251,0.0706078045957631,,0.1640224644073602,0.103610027154617,0.1102294351901938,0.0443226687070521,0.044148595926349,3,0.05,1
0,0.1111379865018689,0.0993664079808125,0.0984096590036181,0.0973737350493184,0.1046822106253487,0.0935558887870237,,0.115299221138071,0.0758280176520118,0.0555019959348741,0.090889402229072,0.0846580783077463,0.0552759506628299,0.0708561272776249,,0.1648043060894204,0.1031548877991555,0.1132244388467904,0.046461217521051,0.0461925467490458,4,0.05,1
0,0.1382717501220851,0.1262002973568344,0.1250151742649629,0.12384581569342,0.1319537364608595,0.1196238149347513,,0.1272278069752674,0.0917077669820563,0.0865176604937887,0.1038788457907317,0.1019377139851851,0.0766204205018157,0.0991980783525574,,0.1826352537901306,0.1325077471399354,0.1505780528871617,0.0707587961504569,0.0714543103954312,0,0.1,1
0,0.1180317579660704,0.1078874469500795,0.1068528718340791,0.1059034165528737,0.1125171508609012,0.1036336808811741,,0.1268859120357784,0.0895885315648214,0.0828049551469824,0.1029273484702657,0.0996732712468779,0.0736033725704785,0.0960302559600536,,0.1754738575506183,0.1299316427345216,0.1419657632902561,0.0682456184369315,0.0651728328351659,1,0.1,1
0,0.1455004151734129,0.1316794388872536,0.1304829014435594,0.1290605306782102,0.138239338105556,0.1243249152287358,,0.127006172893686,0.0930949590743323,0.0853641940452698,0.1050648105932262,0.1025823687143308,0.0774581609798053,0.1008914825828546,,0.1766081216070299,0.1326811286591837,0.154101114087803,0.0699023604883152,0.0701109982050183,2,0.1,1
0,0.1435967508457365,0.1302335152104896,0.1290179957071623,0.1276611444930779,0.136631307933756,0.1226183519527,,0.1259184155097305,0.0914738537100853,0.0862838982835851,0.1034152013941717,0.1002159123302399,0.0760106451012504,0.0998471532012767,,0.1778401236360169,0.135241578569034,0.1538597135053043,0.0672385351422854,0.0691853249013405,3,0.1,1
0,0.1459134458066598,0.1323399644788202,0.1311456573994265,0.1297806559424062,0.1386757397293256,0.1262700111671299,,0.1277617693086753,0.0921047831326307,0.0847707946240738,0.1052499026766227,0.1013635327469816,0.0771918452558448,0.0994579047591083,,0.1768045797474244,0.136399561043955,0.1502001657556105,0.0697549702546932,0.0666754618381708,4,0.1,1
0,0.0991180242141538,0.0811175409558834,0.0811362475136753,0.0815609062251533,0.0828398026173261,0.0829639346457014,,0.0814694162083879,0.0811175413152013,0.0814694168014885,0.0847128993997678,0.0839105461316129,0.0848671203958417,0.0848671203958417,,0.0811175409558834,0.0811175409558834,0.0811175409558834,0.0811175409558834,0.0811175409558834,0,0.0,4
0,0.0991180242141538,0.0811175409558834,0.0811362475136753,0.0815609062251533,0.0828398026173261,0.0829639346457014,,0.0814694162083879,0.0811175413152013,0.0814694168014885,0.0847128993997678,0.0839105461316129,0.0848671203958417,0.0848671203958417,,0.0811175409558834,0.0811175409558834,0.0811175409558834,0.0811175409558834,0.0811175409558834,1,0.0,4
0,0.0991180242141538,0.0811175409558834,0.0811362475136753,0.0815609062251533,0.0828398026173261,0.0829639346457014,,0.0814694162083879,0.0811175413152013,0.0814694168014885,0.0847128993997678,0.0839105461316129,0.0848671203958417,0.0848671203958417,,0.0811175409558834,0.0811175409558834,0.0811175409558834,0.0811175409558834,0.0811175409558834,2,0.0,4
0,0.0991180242141538,0.0811175409558834,0.0811362475136753,0.0815609062251533,0.0828398026173261,0.0829639346457014,,0.0814694162083879,0.0811175413152013,0.0814694168014885,0.0847128993997678,0.0839105461316129,0.0848671203958417,0.0848671203958417,,0.0811175409558834,0.0811175409558834,0.0811175409558834,0.0811175409558834,0.0811175409558834,3,0.0,4
0,0.0991180242141538,0.0811175409558834,0.0811362475136753,0.0815609062251533,0.0828398026173261,0.0829639346457014,,0.0814694162083879,0.0811175413152013,0.0814694168014885,0.0847128993997678,0.0839105461316129,0.0848671203958417,0.0848671203958417,,0.0811175409558834,0.0811175409558834,0.0811175409558834,0.0811175409558834,0.0811175409558834,4,0.0,4
0,0.1027034201251882,0.0829644089012956,0.0829251390128931,0.0833255057960879,0.0850697327155553,0.086019072542517,,0.0868314984530952,0.0819836519699139,0.0898814147202531,0.0894705948168009,0.0848869853834185,0.0860758876865743,0.0857113097340138,,0.0836815789542632,0.0845397678576069,0.0815163372870912,0.0815163372870912,0.0815163372870912,0,0.001,4
0,0.0997019241175924,0.0819836029456956,0.0819520380258348,0.082318855057819,0.0835930877491201,0.0847300301520218,,0.0868515523141018,0.0821835160933332,0.0878682432062722,0.0890506004941612,0.0849526884222678,0.0861720857978786,0.0858808550613228,,0.0837565026356264,0.0866863961323646,0.0815064735167625,0.0815064735167625,0.0815064735167625,1,0.001,4
0,0.1002098199927476,0.0819837604405504,0.0819769831340658,0.0823574655982027,0.0837506968600503,0.0840813356348987,,0.0884093653527762,0.0823875743903193,0.0870237692902039,0.0912936345824519,0.0846649845512222,0.085422389115326,0.0856176533005639,,0.0855613200962162,0.0916868426899984,0.0815583165298593,0.0815583165298593,0.0815583165298593,2,0.001,4
0,0.101309686373415,0.0822512532066019,0.0822381396154949,0.0826295244986048,0.0844198046747522,0.0836710378373054,,0.0883488701710092,0.0821272906696096,0.0896802655624801,0.0902125515957493,0.0847514532925383,0.0862090003496083,0.0857319081805671,,0.0854934463084465,0.0845439440402669,0.0815571946454842,0.0815571946454842,0.0815571946454842,3,0.001,4
0,0.1023177417341608,0.0824078803257133,0.0823845384011995,0.0827983801404584,0.0847013236063426,0.0836594227618408,,0.0881918518699362,0.0819404964259617,0.0893304320216137,0.090344592592965,0.0848197622947306,0.0858666762628252,0.0860008775053721,,0.0852517579474066,0.0861153571863204,0.081591657859474,0.081591657859474,0.081591657859474,4,0.001,4
0,0.1129699164291783,0.0887484588530111,0.0885726865689392,0.0888500014138896,0.0925419252878973,0.0888974734860932,,0.1025666180244197,0.0849130449512561,0.1050323105566819,0.1022226528363416,0.0870652940450169,0.0903968670513815,0.0887275741434091,,0.0919706566616198,0.1090062200018849,0.0839929060185053,0.0839929060185053,0.0839929060185053,0,0.005,4
0,0.1044633151899271,0.0849337780337257,0.0848320529180203,0.0851541192989573,0.0870058247177104,0.0872968925001115,,0.1042306291049329,0.0858657242555561,0.1088521835686746,0.103957212992463,0.0884912524292617,0.0895816891923466,0.0883232874824311,,0.0945442983852868,0.1063659298591243,0.0839705330061924,0.0839705330061924,0.0839705330061924,1,0.005,4
0,0.1056611342295198,0.0855376586870197,0.0854157387443837,0.0856949014347182,0.087854888884042,0.087450327882311,,0.1021285887966002,0.0848542353879098,0.1073184526075557,0.1026195350799778,0.0886616454866724,0.0899462184640124,0.088501388561788,,0.0948797972579682,0.1011135110519973,0.0837251193778713,0.0837251193778713,0.0837251193778713,2,0.005,4
0,0.1059595065324518,0.085534440233764,0.0853790261516193,0.0856922684288339,0.0876427663323362,0.0913394209194958,,0.1025463922949111,0.0850301801942709,0.1081832133314509,0.1011840000122592,0.087893871023416,0.0908841345057163,0.0893877940047352,,0.0919786399521467,0.1013160046318704,0.0836315240032723,0.0836315240032723,0.0836315240032723,3,0.005,4
0,0.1103049573893238,0.0885099082950271,0.0882889572493812,0.0885269653704548,0.0914035864688974,0.089442173835618,,0.1055378400598332,0.0866219170910224,0.1065411966270558,0.1046375934342505,0.089386193660989,0.0917815201502092,0.090028776682597,,0.0959073501169278,0.1086295032928033,0.0841924241138985,0.0841924241138985,0.0841924241138985,4,0.005,4
0,0.1108760510729037,0.0899698395740012,0.089594037807152,0.0896781554913116,0.0922408943722791,0.0928610496180077,,0.1135174425987091,0.0880690443388875,0.1198753679484809,0.1100360708291195,0.0912203382563306,0.0931591594739463,0.091423749020227,,0.1048927229237963,0.1165971988519454,0.0866348298787512,0.0866410738283962,0.0866410738283962,0,0.01,4
0,0.1080269763671997,0.0875814940094339,0.0872681208251746,0.0875154525258033,0.0891404135583691,0.0910498039912543,,0.11608360802097,0.0881959937682963,0.1184514881207442,0.1121703231772292,0.0915786684187273,0.0928572887248161,0.0902342286657991,,0.1023525118891642,0.1159899980451434,0.0847512006206101,0.0847512006206101,0.0847512006206101,1,0.01,4
0,0.1107026059760462,0.0895198874528706,0.0892076196559935,0.0893890949483348,0.0916518840390064,0.0959629925696955,,0.1154793882251327,0.0897565329773066,0.1170000838632277,0.1141459640257062,0.0937476926706893,0.0939468410846454,0.0917581154735409,,0.1073108509635989,0.1245706899487277,0.0863360701489233,0.0863360701489233,0.0863360701489233,2,0.01,4
0,0.1085634951038887,0.0874826826184784,0.0872566994213462,0.0874815688653601,0.0895498930860387,0.0936607927621435,,0.1125686586200995,0.0872751093443126,0.1161370527058548,0.1105953662557745,0.0915832330873268,0.0935067744243573,0.0915566379438833,,0.103551293066612,0.1168110788795688,0.0855942920670756,0.0855942920670756,0.0855942920670756,3,0.01,4
0,0.1111572680025427,0.0894462843098686,0.0891786330811864,0.0893191081704408,0.0918425702982831,0.0916461820696219,,0.1178865360363582,0.0897359319543269,0.1212153055905494,0.1156752662805105,0.0931603705648527,0.0948333985691669,0.0921744663909968,,0.1078147511037697,0.1129061300832555,0.0858264232349225,0.0858264232349225,0.0858264232349225,4,0.01,4
0,0.1514590460359124,0.1164614775507836,0.1154374213368909,0.1152114087801242,0.1233178583833043,0.1181949572791255,,0.1437357055566828,0.1077205892870416,0.1302919922553662,0.1343220720652674,0.1188320130829474,0.1032817211487419,0.1116431596973975,,0.1508574422804179,0.1727446403813457,0.1029231396474567,0.1037172302337672,0.1008953289613625,0,0.05,4
0,0.1515277476697531,0.1178311266548952,0.1168129068278279,0.1164719157603405,0.1243946470097384,0.1228532114937245,,0.1463192106988522,0.1077109091227332,0.1318761269260223,0.1365970229440976,0.1191233635084304,0.1058284237961129,0.1103550882092546,,0.1594068499090634,0.1704992424290737,0.1030298212144347,0.1004192832939838,0.1003174829812706,1,0.05,4
0,0.1459004008265907,0.1125550965743078,0.1114897233541974,0.1112260936820236,0.1183834202458737,0.1146660579788379,,0.1467014271193749,0.1079624285594662,0.1348790333436972,0.1369441051789636,0.1192603861315697,0.1048593551660062,0.1090937448347491,,0.1542287104624947,0.1681417138618223,0.1040512221245141,0.1017359799459593,0.1002358109060756,2,0.05,4
0,0.1481215306880949,0.1167984220080387,0.1159155053850797,0.1155156898211279,0.1225188215559297,0.1217684700453757,,0.1448643326485331,0.1063586528304714,0.131076377595587,0.1354381747677447,0.1183941711917533,0.1034230326976056,0.1088796380569174,,0.1616481650899842,0.173306171111016,0.1015386194486764,0.1009908295659462,0.0999335067424785,3,0.05,4
0,0.1429501782327342,0.112596224161577,0.1115782206887577,0.111125633274518,0.1174711613354698,0.1227954411375957,,0.1429672899599381,0.1036800791657688,0.1318591058941792,0.1332398532720151,0.1149625122316712,0.1016537671982574,0.1077269772256842,,0.1516243274901108,0.1672941487211546,0.099528033648379,0.098703840065557,0.0973954780642187,4,0.05,4
0,0.1710542071907272,0.1334396632142855,0.1320669841526613,0.1314969909992707,0.1416111170784506,0.1365519508311624,,0.1507067799665754,0.1146257491547983,0.1313091482093356,0.1368632763915611,0.1285106240894177,0.1110751216122325,0.1323873089170346,,0.2036870681996158,0.2076290092446223,0.1208180278984005,0.1114860226221911,0.1063636223533657,0,0.1,4
0,0.1731889411573301,0.1364338165149388,0.1350206934160198,0.1343324196422143,0.1443562906345135,0.1392157314985843,,0.1549335790499199,0.1194160275911775,0.1355266225903746,0.1430767765513772,0.1325804422866118,0.1173295147035678,0.1384542687473983,,0.2096237209618996,0.2098103408211181,0.1277247325376481,0.1157302387320911,0.1108751732603801,1,0.1,4
0,0.1698951886051511,0.13479712205206,0.1334219171035101,0.1327791248822776,0.1417937691258526,0.1399355752131463,,0.1547687210298635,0.118443054043265,0.1355780453639949,0.1411847496861074,0.1308069527356103,0.1155535990771925,0.1377381919835441,,0.2090111315819052,0.2110458263522168,0.1273514232069727,0.114932229820558,0.1102744516370052,2,0.1,4
0,0.1655138269862101,0.1319066423376746,0.1306879475364337,0.1300765276098333,0.1387456927461687,0.1380202744500219,,0.1520126390433502,0.1172429872937168,0.1348953713324795,0.1404594774301417,0.12970712809189,0.1163862965227949,0.1399816416408107,,0.2064380423143654,0.2094636178564912,0.1269072641982456,0.1144630987247298,0.108771282090926,3,0.1,4
0,0.1720899304778316,0.1356789481761454,0.1344124054113362,0.1337980189932755,0.143648367584219,0.1381990995560664,,0.1505642451127055,0.1180663118145922,0.1335976434300702,0.1372670691376683,0.1298234164034994,0.11359961291644,0.1340647647911164,,0.200136363920374,0.2040749593475348,0.1224246546338014,0.1151093609403451,0.1098658996107292,4,0.1,4
0,0.1551314124940661,0.1212173147858452,0.1212624079536877,0.1214997653112018,0.1279947376150329,0.1168642770271569,,0.1219608805796593,0.1212173124200188,0.1219608799189067,0.1186662583204505,0.1185729104571913,0.1168642768401863,0.1178925867116279,,0.1212173147858452,0.1212173147858452,0.1212173147858452,0.1212173147858452,0.1212173147858452,0,0.0,8
0,0.1551314124940661,0.1212173147858452,0.1212624079536877,0.1214997653112018,0.1279947376150329,0.1168642770271569,,0.1219608805796593,0.1212173124200188,0.1219608799189067,0.1186662583204505,0.1185729104571913,0.1168642768401863,0.1178925867116279,,0.1212173147858452,0.1212173147858452,0.1212173147858452,0.1212173147858452,0.1212173147858452,1,0.0,8
0,0.1551314124940661,0.1212173147858452,0.1212624079536877,0.1214997653112018,0.1279947376150329,0.1168642770271569,,0.1219608805796593,0.1212173124200188,0.1219608799189067,0.1186662583204505,0.1185729104571913,0.1168642768401863,0.1178925867116279,,0.1212173147858452,0.1212173147858452,0.1212173147858452,0.1212173147858452,0.1212173147858452,2,0.0,8
0,0.1551314124940661,0.1212173147858452,0.1212624079536877,0.1214997653112018,0.1279947376150329,0.1168642770271569,,0.1219608805796593,0.1212173124200188,0.1219608799189067,0.1186662583204505,0.1185729104571913,0.1168642768401863,0.1178925867116279,,0.1212173147858452,0.1212173147858452,0.1212173147858452,0.1212173147858452,0.1212173147858452,3,0.0,8
0,0.1551314124940661,0.1212173147858452,0.1212624079536877,0.1214997653112018,0.1279947376150329,0.1168642770271569,,0.1219608805796593,0.1212173124200188,0.1219608799189067,0.1186662583204505,0.1185729104571913,0.1168642768401863,0.1178925867116279,,0.1212173147858452,0.1212173147858452,0.1212173147858452,0.1212173147858452,0.1212173147858452,4,0.0,8
0,0.1581949788241968,0.1219320574127295,0.1219464542325862,0.1221613108900001,0.1290066539044246,0.1177596943486335,,0.1271814641434634,0.1221992158540012,0.1245379893078305,0.1198777993036732,0.1202775350095998,0.1177370014810375,0.119383929733347,,0.1224333044373604,0.1216338340223222,0.1214959026330279,0.1214959026330279,0.1212887556500423,0,0.001,8
0,0.1562970837551557,0.1215228471249575,0.1215533898257229,0.1217818474692642,0.1285130746025363,0.1173401359407528,,0.1261480650289884,0.1213768906445488,0.1245484249580494,0.1206275957670839,0.1197156002361366,0.1180406593488435,0.1190493363861559,,0.121960510788392,0.1210646762447797,0.1210367344787315,0.1210367344787315,0.1214605573292196,1,0.001,8
0,0.1561601604543724,0.1215523171561994,0.1215795005123689,0.121797847889535,0.128447683987985,0.1171712424071251,,0.1252167049883978,0.1219124367467224,0.1240468796326896,0.1196970774736031,0.1194218177056505,0.1176711711790994,0.1181317652221347,,0.1230836959454456,0.1220720061291603,0.1218241074478329,0.1218241074478329,0.1215906337279047,2,0.001,8
0,0.1555676195962635,0.1215682471404777,0.1215960132153669,0.1218032845390224,0.1283597116647112,0.1169972920114828,,0.1254526759725553,0.121565831153855,0.1240678944174349,0.1203094801391157,0.1201626016750392,0.1173309967302277,0.1184657061445282,,0.1230038146138854,0.1217312960441054,0.121530665632079,0.121530665632079,0.1212063130833001,3,0.001,8
0,0.1590670928548317,0.1222706490680168,0.1223038154605256,0.1225472300137847,0.1294225952927941,0.1175645232408328,,0.1262645854981412,0.1216849011966725,0.1232958954188068,0.1200755431263513,0.1195356896527149,0.1178069896508734,0.1184552604674673,,0.1224166534089408,0.1211269180429134,0.1211045248538196,0.1211045248538196,0.1213571718813877,4,0.001,8
0,0.1591080189321482,0.1239167688300969,0.1238155768425523,0.1238587595366467,0.1309056029459929,0.1190087723248016,,0.1401655929862747,0.124811886349815,0.1338839137779399,0.1241787866127057,0.1239504961040846,0.1226873050944831,0.1211964675738791,,0.127683385532805,0.1238376432422004,0.12348567514847,0.12348567514847,0.1234478476928224,0,0.005,8
0,0.1645737698022181,0.1243656663945207,0.1243199260611703,0.1245331907022986,0.131970037035161,0.1202098989638636,,0.1392538157778282,0.1237043558940632,0.1334292626088333,0.1267992093990936,0.1246256409319407,0.1219544922698357,0.1216165688087588,,0.1269604309180158,0.1233678431473393,0.1230097987044338,0.1230097987044338,0.1228329924743184,1,0.005,8
0,0.1622042827471516,0.1240905940458016,0.1240321982162318,0.124170809798475,0.1312394824735065,0.1208874942112084,,0.1394863690288022,0.1245240144506291,0.1338586376668934,0.1250569485786299,0.1241974895641521,0.1226493381969473,0.1221891936417823,,0.1267235994810742,0.1234529395101239,0.1232917811606628,0.1232914151028,0.1228138142491557,2,0.005,8
0,0.1644989698100664,0.1241994111492909,0.1241528082320408,0.12431003447516,0.1317212643052144,0.1209912930463968,,0.1386116550913874,0.1248030521937618,0.1321464427380041,0.1240219789387879,0.1250831990714959,0.1218517241938257,0.121465922492432,,0.1260078380758047,0.1228324721599909,0.1223442985694532,0.1223442985694532,0.1227026704900177,3,0.005,8
0,0.1613246264040346,0.1238323459558736,0.1237875861467781,0.1238993332611247,0.1311943468739592,0.1191734755737069,,0.1404348133399837,0.124908294895834,0.1323218020768535,0.1237471442509706,0.1249771009375039,0.1223665392661167,0.121989659897105,,0.126983728040446,0.1231846056996091,0.1230278146282805,0.1230278146282805,0.1229188085832239,4,0.005,8
0,0.1699623481930859,0.1285117428893297,0.1283004569331418,0.1282657239937053,0.1364538318798062,0.1240583525913146,,0.1478291311202588,0.1283591606137663,0.1388917938250408,0.1289843227588025,0.1293295741470776,0.1262463293265724,0.1236422794631403,,0.1306879124619972,0.1252206220553142,0.1245074539908993,0.1245074539908993,0.1243491730511887,0,0.01,8
0,0.1663415169777352,0.1262451621685758,0.1260290501734014,0.1260666100608514,0.1334928530460092,0.1227835924714829,,0.1493973688291267,0.1264336889673562,0.1383797424601186,0.1293716643746357,0.1278837709388051,0.1241825426246102,0.1232796628110776,,0.130564139566238,0.1244163757889018,0.1236077947464824,0.1236077947464824,0.1239578789893068,1,0.01,8
0,0.1734078065912513,0.1267135076425327,0.1265012422052385,0.1265456329044638,0.1351894610326319,0.124471267642236,,0.1476304857727485,0.1274136714632801,0.1392473660153687,0.1281935771606825,0.1273576205866891,0.126304161428462,0.1236194323113608,,0.1307889748808252,0.1252223148588866,0.1243903405572789,0.1243883182674004,0.1241979670304049,2,0.01,8
0,0.1619291746200956,0.1259676538862476,0.1258256728218367,0.1257934498705266,0.132874579146466,0.1211309827041366,,0.1482795312346138,0.1270499208390759,0.1382661221728289,0.1294769061373633,0.1268778110629001,0.125042283249823,0.1234489821468139,,0.131420801971717,0.1246719175267395,0.1242316635298595,0.1242316635298595,0.1241721477497732,3,0.01,8
0,0.1642531392239838,0.1263797586288922,0.126170839493561,0.1261680693456299,0.1337454015012384,0.1216524333067626,,0.1475618124036453,0.1274735951948273,0.1376115426392087,0.1297991090514945,0.128717778811622,0.1250131443026219,0.1233844024489585,,0.1299965916136961,0.1245210434238496,0.1238663313362026,0.1238663313362026,0.1237989803627554,4,0.01,8
0,0.1924828552991673,0.1414372516996254,0.1407778569096781,0.140320115191694,0.1512013640380903,0.1361235851891572,,0.1640223771975253,0.1425237383293179,0.1483438150792218,0.1415072706659553,0.1403842827897608,0.1318370991875593,0.1314591030443958,,0.1438061445946763,0.1386684907380682,0.1336309462922373,0.1334186692090289,0.1360506920970886,0,0.05,8
0,0.1875900544290736,0.1419124122575467,0.1411524436724048,0.1404394974772279,0.1509606572746362,0.1356037045201666,,0.161137668672561,0.1409729284538814,0.146211319075378,0.1409333470038796,0.1417979712632759,0.1315760365742788,0.1325761440658111,,0.1428129414118674,0.1368432771538535,0.1318297816750237,0.1318020643704175,0.134878757581739,1,0.05,8
0,0.1913270205296901,0.1421613930035033,0.1414039126965511,0.1408255481159711,0.1511045082856059,0.137267711181631,,0.163517047125544,0.1425497163837062,0.14658694339237,0.1400104653324804,0.1416275250813218,0.1310081823244425,0.1319489455651037,,0.1436380826423261,0.1376206338937539,0.1329216919187072,0.1326278540751902,0.1337362699716567,2,0.05,8
0,0.1954601523319475,0.1426065657415198,0.1418318100226811,0.1412449866185134,0.1526339794411106,0.1396676567260124,,0.1629026884020804,0.1413550495183921,0.1469035259144676,0.141529987717824,0.1405439286815035,0.1310207252193437,0.1328742707063814,,0.1427953843393155,0.1371783952246701,0.1316310136438825,0.1316116875236077,0.1334263188203754,3,0.05,8
0,0.1877474783814837,0.1425247549815519,0.1418386739480848,0.1411847184938749,0.1512214361915792,0.1363752443143835,,0.1633875412767808,0.1419547479724558,0.1484850205729273,0.1433989525049632,0.1411841036040217,0.1318179801596442,0.1330093289911301,,0.1440082486406923,0.1376494622438791,0.1325354788739394,0.1320884225927934,0.1356904838518048,4,0.05,8
0,0.2085315534359899,0.1552955129229145,0.1541941966520394,0.153179944051002,0.166029903497636,0.1492790446927251,,0.1677100783799211,0.1501522708265228,0.1482154376218268,0.1456185169129658,0.1479481339529973,0.1332685087428297,0.1368951361743355,,0.152606063394245,0.1496083752072327,0.1391628198928503,0.138148431591976,0.1463679609727515,0,0.1,8
0,0.205605186547928,0.1491351666401641,0.1480326985922425,0.1470535726000238,0.1605919105784166,0.1452709840769389,,0.1664620291008518,0.1498445828873036,0.1484518255665524,0.1456011014792083,0.147710159571013,0.1342350861621376,0.138468244746362,,0.1523834986469515,0.1499821024416197,0.1398238685424921,0.1388703700886738,0.1467300862786881,1,0.1,8
0,0.2042143974742372,0.1527108436410228,0.1515429447353417,0.1505387985787905,0.1639444463662682,0.1483685436486755,,0.1676613306975806,0.1493674633176507,0.1488286819427337,0.1480414103769464,0.1498672136510388,0.1327582865584136,0.13582333938807,,0.1514128164484595,0.1486576608197912,0.1394150399017596,0.1384819964867619,0.1461470589995283,2,0.1,8
0,0.2166249991232239,0.1564278301689155,0.1552707196452796,0.1542317671905934,0.1687898161011713,0.1511711531471423,,0.1677544521898887,0.1483789066915975,0.1488623233062996,0.1456418162320822,0.1467187086812317,0.1332135345644836,0.1366799157989765,,0.1511634804827521,0.1493790095053616,0.1403363137649125,0.1393205842699706,0.145864181021673,3,0.1,8
0,0.2145843166570217,0.156011559722212,0.154935149933887,0.1540050591427421,0.1681804687783567,0.1499814920775296,,0.1677717364191917,0.1506848395935417,0.1478216094155776,0.1455706378741258,0.1474660760688608,0.1337861667904469,0.136838889324916,,0.1524466465022484,0.1498658853688223,0.1405037057894174,0.1396956663906158,0.1464451228633655,4,0.1,8
0,0.2383240714183231,0.1672755830814067,0.1679339595529229,0.1674933470456729,0.1732194185829721,0.1474091825666098,,0.1688940975189851,0.1672755810582333,0.1688940978701355,0.1502742901388719,0.148079266654915,0.1474091825575119,0.147259740538045,,0.1672755830814067,0.1672755830814067,0.1672755830814067,0.1672755830814067,0.1672755830814067,0,0.0,16
0,0.2383240714183231,0.1672755830814067,0.1679339595529229,0.1674933470456729,0.1732194185829721,0.1474091825666098,,0.1688940975189851,0.1672755810582333,0.1688940978701355,0.1502742901388719,0.148079266654915,0.1474091825575119,0.147259740538045,,0.1672755830814067,0.1672755830814067,0.1672755830814067,0.1672755830814067,0.1672755830814067,1,0.0,16
0,0.2383240714183231,0.1672755830814067,0.1679339595529229,0.1674933470456729,0.1732194185829721,0.1474091825666098,,0.1688940975189851,0.1672755810582333,0.1688940978701355,0.1502742901388719,0.148079266654915,0.1474091825575119,0.147259740538045,,0.1672755830814067,0.1672755830814067,0.1672755830814067,0.1672755830814067,0.1672755830814067,2,0.0,16
0,0.2383240714183231,0.1672755830814067,0.1679339595529229,0.1674933470456729,0.1732194185829721,0.1474091825666098,,0.1688940975189851,0.1672755810582333,0.1688940978701355,0.1502742901388719,0.148079266654915,0.1474091825575119,0.147259740538045,,0.1672755830814067,0.1672755830814067,0.1672755830814067,0.1672755830814067,0.1672755830814067,3,0.0,16
0,0.2383240714183231,0.1672755830814067,0.1679339595529229,0.1674933470456729,0.1732194185829721,0.1474091825666098,,0.1688940975189851,0.1672755810582333,0.1688940978701355,0.1502742901388719,0.148079266654915,0.1474091825575119,0.147259740538045,,0.1672755830814067,0.1672755830814067,0.1672755830814067,0.1672755830814067,0.1672755830814067,4,0.0,16
0,0.2384268010186995,0.167288777282492,0.1679202322492667,0.1674749268063941,0.1732669496020219,0.1473867709631028,,0.1696515508602365,0.1680369181157128,0.1697815494069553,0.1509654256209403,0.1489168451041458,0.1476852718604388,0.1474328097350588,,0.168006721539642,0.1675405092476707,0.1675828084566156,0.1673341581789346,0.1698921096848828,0,0.001,16
0,0.2384901444759007,0.167620195721246,0.1681787863538373,0.1677753337071403,0.1736327283676282,0.1471992656542761,,0.1702909142788606,0.1680476001031427,0.1701356778341752,0.1503218365988436,0.1486670687952585,0.1474023489240991,0.1474567840735588,,0.1679519207114622,0.1674968960333224,0.1675976843027972,0.1674373161056178,0.1678878584517404,1,0.001,16
0,0.2384791776426366,0.167403759222058,0.1679991023496987,0.1675621313047197,0.1734442862936094,0.1476626592459413,,0.1703390130107463,0.1680745459468057,0.1694390437582753,0.1505596546511592,0.1487639282855842,0.1482936582193605,0.1476282731044396,,0.1680775588083808,0.1678184386984249,0.1677124850429746,0.1674025107410797,0.1696889877169448,2,0.001,16
0,0.2387971055835513,0.1677100038213813,0.1683384302724081,0.1678932483054535,0.1736810586806399,0.1477791286760829,,0.171117330508815,0.1683147051120125,0.1703392185073564,0.1513897860552271,0.1489859412676409,0.1477281455820783,0.1476282135160707,,0.1675288907488022,0.1673834132513675,0.1675373974877183,0.1674257689030732,0.1698816559105759,3,0.001,16
0,0.2385303332527598,0.167626818084188,0.1682088403353892,0.1677988879853771,0.1734627588189857,0.1478063961069646,,0.1705506127445958,0.1684975415492293,0.1704886336340617,0.1504082276966787,0.1488309721957437,0.1474127728560576,0.1475155625837125,,0.1680666129934234,0.167586548197753,0.1677747970262421,0.1674330866803892,0.1695830171325991,4,0.001,16
0,0.2398587706563763,0.1692068745750379,0.169622827771237,0.1691836218894558,0.1755665986240602,0.1495705314576045,,0.1750942479919195,0.171265741712978,0.174139370109265,0.1528358177520382,0.1519443016107886,0.149299733350976,0.1482669855821604,,0.1696055035822538,0.1681998436219158,0.1681848590532167,0.1676807932717045,0.1767686444663858,0,0.005,16
0,0.239116452363592,0.1686144928174532,0.1691057631180824,0.1686524552564386,0.1747129617461507,0.1488958706727505,,0.1742703574486203,0.1697557916948724,0.1729509607558481,0.1526514608311376,0.1517003516080426,0.1498555878839766,0.1484901454006436,,0.1692917586572749,0.1685505503478637,0.1684312792925616,0.1682828893056172,0.172508821088094,1,0.005,16
0,0.2417044333682618,0.168609342708099,0.1690751353262166,0.1686362448805857,0.1746949228027858,0.1492288519612639,,0.1734935933792432,0.1699468931159398,0.1730199815270295,0.152476864608025,0.1516321528611616,0.1493389380624787,0.148200011036445,,0.1692679585198243,0.1684180010560242,0.1685770521792995,0.1679372717843047,0.1750780774793835,2,0.005,16
0,0.2411992676948535,0.1688641823382303,0.1693215201255138,0.1689005169849175,0.1747868110313351,0.1489189340593205,,0.1744664052901564,0.1714492995363525,0.173274035251136,0.1536564479464831,0.1525446308372173,0.1496216837578311,0.1491343959538613,,0.1700328825507625,0.1689543692526153,0.1689126092399129,0.1683611789577158,0.1746355774368543,3,0.005,16
0,0.2436170156422538,0.1683803811435053,0.1687215311308132,0.1683974153043616,0.1742891959814669,0.1494743681645916,,0.1738456703047514,0.1708976807184997,0.1730016458706385,0.1524295186385444,0.1511037728447663,0.1501568343925075,0.1488150648162493,,0.1697552471470719,0.1687125545113501,0.1686476931618142,0.1676884203428226,0.1739685198367525,4,0.005,16
0,0.2439469590405037,0.1708433720193425,0.1709801576498835,0.1706447335225291,0.176988869963804,0.1521836061333905,,0.1792986017959798,0.1731234613809545,0.1759899386879196,0.1567117009082228,0.1561228239532949,0.1514327083073192,0.1499902056131593,,0.1709893535853395,0.1695661445164935,0.1697324529610914,0.1691507387852215,0.1772616005322681,0,0.01,16
0,0.2448614414675038,0.169351657796923,0.1695541476057791,0.1691928627765112,0.1755011083795824,0.1493698422464237,,0.1774937143002905,0.1715321819438012,0.1758422307672876,0.1540364838973818,0.1546726145334846,0.1501452688649938,0.1490301595562605,,0.1711637237906103,0.1695222384088106,0.1694400343290476,0.1684822305680632,0.1755353046827167,1,0.01,16
0,0.2447411129891139,0.1704387604069012,0.170640802376151,0.1702822796338189,0.1766511124077497,0.151428827274293,,0.1774338024461643,0.1723326370779286,0.1761503110451845,0.1542519746970039,0.1547411253842618,0.1507387563413804,0.1487039747017448,,0.1717554281513804,0.170118970754486,0.1700007777184086,0.168786808959258,0.1774617539195288,2,0.01,16
0,0.2458632889795219,0.1701081527593722,0.1703396250542259,0.1699859313677952,0.176600134334442,0.151759637593229,,0.1775627182272607,0.1716545772426872,0.1768507186179336,0.1564891592408329,0.1552701520946648,0.1507741307383721,0.1492810716781544,,0.1716597143719704,0.1699224157244268,0.1698578951446868,0.1689154530306856,0.1756774308638242,3,0.01,16
0,0.2456048387756965,0.1689272249355871,0.1691898172548217,0.1688636111810054,0.1748906871546338,0.149367128064785,,0.1755661660699788,0.1717376779583109,0.1756816554425529,0.1527017007733232,0.1528340621251787,0.1504082726688129,0.1494113659310862,,0.1693483493352177,0.1681310749038414,0.1687296403788687,0.1680213688539894,0.1788524515406966,4,0.01,16
0,0.2590232470817619,0.1760584189047183,0.1751217399368193,0.1750861764930386,0.1836452302550042,0.1557872927088563,,0.1883295654705226,0.1778225955246636,0.1804957141557902,0.1601650096906623,0.1634547869422721,0.1546112283746714,0.1520165495936504,,0.1750930192284304,0.1765110540880279,0.1759789556658444,0.1724780009040966,0.1883343647484655,0,0.05,16
0,0.2572636237079271,0.1785954172342707,0.1775729427884343,0.1774994370942711,0.185908946403316,0.1597823300714434,,0.1885523647263648,0.1810318188912469,0.1803053669459114,0.16088676814684,0.162858513402075,0.1546063773268116,0.1528791987255776,,0.1761013123629396,0.1770585427076571,0.176410238515563,0.1733261636940475,0.1975035945364329,1,0.05,16
0,0.2609320796807274,0.1769784974406229,0.1759550056402393,0.1759143510611929,0.1840900253286057,0.1570172697435117,,0.1870320345448526,0.1793333025008071,0.1799756417443753,0.1583960278617658,0.1613059408486792,0.1541195399751049,0.1523812549072384,,0.1757034782167998,0.1762839291711896,0.1760088071369467,0.1726326594605926,0.1917774132708771,2,0.05,16
0,0.2617888377786848,0.1783580031767253,0.1772904078253358,0.177224100046527,0.1849909548959962,0.1583417397172618,,0.1860516074732271,0.1790444136487903,0.179559627653636,0.1583745587809159,0.1637802991848077,0.1548524268453703,0.1520241056843158,,0.1757234004534189,0.1760692630127345,0.1752720305853316,0.1724606183060027,0.1909685579411345,3,0.05,16
0,0.2576879868980016,0.1781272843636555,0.1771910025742724,0.1770659689372813,0.1855270779468232,0.1572406996553085,,0.1891861543942277,0.1807183643832163,0.1796463212199549,0.1578797117609458,0.1621038049337973,0.1534153375662393,0.1519792929682712,,0.1759737971605159,0.176976964736447,0.1759166095501852,0.1728490609375571,0.1931054364128588,4,0.05,16
0,0.2717388158155389,0.1816331711133086,0.1799102845038769,0.1800778436502023,0.1898695704629263,0.1627847497809668,,0.1909846675679196,0.1852989680206251,0.1820596721280415,0.1620398302272023,0.1648041234309044,0.1565855977088132,0.1539852086267313,,0.1786717438703251,0.180922260568686,0.1798651745281234,0.1754556295058337,0.1964349539216879,0,0.1,16
0,0.2760662083260478,0.1821743326562204,0.1805650199479191,0.1806779878703874,0.1904260006966435,0.1619402345629293,,0.1937109675387505,0.1852351862360761,0.1810461254466667,0.1598759613652379,0.1659070261994022,0.15728042883807,0.1553083895611761,,0.1803732230544438,0.1832722730420549,0.1809297931851583,0.176175156058244,0.1952044595755832,1,0.1,16
0,0.2755698529205918,0.1836450490719577,0.1817912000778099,0.181960664486061,0.1921392132209636,0.1652048638124466,,0.1939910329248419,0.1851152552535887,0.1812114202572007,0.1627586335302128,0.1637722989372151,0.157742932658219,0.1557970715264268,,0.1807699016067769,0.1834578957925655,0.1820703873168416,0.177121787178077,0.1978421547385095,2,0.1,16
0,0.269145522546742,0.1804461987867161,0.1789271456755904,0.1790328999776088,0.1887127297659163,0.1626059999698944,,0.1914789622648764,0.1848452869605349,0.1805807849679341,0.1620732681851966,0.1657738176987475,0.1569184414519452,0.1547228233081024,,0.1791946543214287,0.1816356599126202,0.180087954740503,0.1755343833172795,0.192175593388621,3,0.1,16
0,0.278651126902198,0.1838735319342044,0.1821998304365617,0.1823429899143527,0.1924397183018895,0.1641723572516686,,0.1899815342102493,0.1854051226871528,0.1817385459077583,0.1580951822204894,0.1625108186357576,0.1564373764448444,0.1539783484044699,,0.1802549637087767,0.1821273686616246,0.1800472947609686,0.17664287885026,0.1934356152459727,4,0.1,16
0,0.2983342860822543,0.1872786884221687,0.1873355510963129,0.1874277876839324,0.1921239367412489,0.1571882370324419,,0.1894186051453212,0.1872786937701178,0.189418602058742,0.1575048595085003,0.1552943779293543,0.1571882368346336,0.1546822075027829,,0.1872786884221687,0.1872786884221687,0.1872786884221687,0.1872786884221687,0.1872786884221687,0,0.0,24
0,0.2983342860822543,0.1872786884221687,0.1873355510963129,0.1874277876839324,0.1921239367412489,0.1571882370324419,,0.1894186051453212,0.1872786937701178,0.189418602058742,0.1575048595085003,0.1552943779293543,0.1571882368346336,0.1546822075027829,,0.1872786884221687,0.1872786884221687,0.1872786884221687,0.1872786884221687,0.1872786884221687,1,0.0,24
0,0.2983342860822543,0.1872786884221687,0.1873355510963129,0.1874277876839324,0.1921239367412489,0.1571882370324419,,0.1894186051453212,0.1872786937701178,0.189418602058742,0.1575048595085003,0.1552943779293543,0.1571882368346336,0.1546822075027829,,0.1872786884221687,0.1872786884221687,0.1872786884221687,0.1872786884221687,0.1872786884221687,2,0.0,24
0,0.2983342860822543,0.1872786884221687,0.1873355510963129,0.1874277876839324,0.1921239367412489,0.1571882370324419,,0.1894186051453212,0.1872786937701178,0.189418602058742,0.1575048595085003,0.1552943779293543,0.1571882368346336,0.1546822075027829,,0.1872786884221687,0.1872786884221687,0.1872786884221687,0.1872786884221687,0.1872786884221687,3,0.0,24
0,0.2983342860822543,0.1872786884221687,0.1873355510963129,0.1874277876839324,0.1921239367412489,0.1571882370324419,,0.1894186051453212,0.1872786937701178,0.189418602058742,0.1575048595085003,0.1552943779293543,0.1571882368346336,0.1546822075027829,,0.1872786884221687,0.1872786884221687,0.1872786884221687,0.1872786884221687,0.1872786884221687,4,0.0,24
0,0.2980415461163343,0.1874501503595882,0.187479770065991,0.1875596955907373,0.1923526565964462,0.1582454273152237,,0.189858545720424,0.188061848099778,0.1895118100361436,0.1586703144956773,0.1564067313583819,0.1571905266100279,0.1545735068610156,,0.187811774749207,0.1873628754447369,0.1874777906091506,0.1874016140050597,0.1873439439705954,0,0.001,24
0,0.2987936304827367,0.1873791612046755,0.1874261106869887,0.1875171257215065,0.192268349409575,0.157434995083762,,0.1901496053853676,0.1882265459846483,0.189698469624926,0.1582717851117272,0.1560993283072006,0.1576424399691406,0.1548348204186634,,0.1877598961765785,0.1874567159953016,0.1874764354944672,0.1874647724660089,0.1875022438161627,1,0.001,24
0,0.2984104483549182,0.1877308593947765,0.1877607803908151,0.187824082252254,0.1927351671300019,0.1582668100469553,,0.1900026474956771,0.1878551889455405,0.1894446243137036,0.1585089137245595,0.1560372739767338,0.1581333972240091,0.155503043926489,,0.1875112222694095,0.1873668594440357,0.1876225988840175,0.1874618149158163,0.1872448274910345,2,0.001,24
0,0.2987050354705762,0.187495903285632,0.1875412591680181,0.187627827599202,0.1923500556234174,0.1573765741585327,,0.1899592747987613,0.1881551406581706,0.1895272739308417,0.158341499781533,0.1561612921353348,0.1577162362317292,0.1549711135382782,,0.1879314498888465,0.1874122503102094,0.1874823030331765,0.1874376142099557,0.18736009389878,3,0.001,24
0,0.2993078808087765,0.1875584492951454,0.1875873171559463,0.1876756542790754,0.192401295792305,0.1578156775088352,,0.1900382057954979,0.1879984822102903,0.1898727936638939,0.1583125672413931,0.1562491412155158,0.1574806394337863,0.1547193797036904,,0.1878677834421586,0.1874178773768905,0.1874116211538452,0.1873859964444696,0.1874023066300736,4,0.001,24
0,0.302427556080684,0.1877309969058344,0.1877240998506982,0.187802641367567,0.1924806135462742,0.1590459330557834,,0.1911496142116234,0.1902325550784161,0.1895072366668361,0.1590040550068217,0.1598483678991473,0.1578307128480973,0.1549955515828275,,0.1889950095051223,0.187603931053486,0.1877715495291054,0.1876687115590317,0.1878722572715792,0,0.005,24
0,0.302868709651539,0.1881596187131584,0.1881462834430561,0.1882137322466895,0.1930366655626074,0.159130386565424,,0.1918167425628762,0.1881536972589045,0.1912260322622046,0.1608498040151737,0.1579085158154947,0.15877152166642,0.1557403678671142,,0.1889112177278023,0.1881527220138992,0.188173084539315,0.1880703011437021,0.1879081412687307,1,0.005,24
0,0.3001168114291109,0.1877463528444795,0.1877626979340544,0.1878373781747574,0.1927316527774972,0.1591303246325684,,0.1924300734952423,0.1896160906976775,0.1909770321582168,0.1602216762044328,0.1585027032861823,0.1585131669660667,0.1561841892728316,,0.1892720915293116,0.1882024473775026,0.1882654544802425,0.1881852277763843,0.1878606300087381,2,0.005,24
0,0.3008117676732219,0.1876244029158287,0.1876318122271301,0.187718923605288,0.1923620065298128,0.1600383345262176,,0.1908992081246113,0.1902873565342132,0.1901632857266547,0.1595463892900983,0.1586938452138334,0.1592247007382904,0.1556204794597353,,0.1885524328221245,0.187638188991968,0.1879677715713618,0.1877624071929929,0.1879868074545419,3,0.005,24
0,0.299854974065026,0.1874258070937612,0.1874261630123114,0.1875073879716512,0.1922983292717748,0.1581765121186788,,0.1921312132659265,0.1892238165603576,0.1907862644073162,0.1599983482797597,0.1583094385646638,0.1584634898414053,0.1555412640682195,,0.1890482188564596,0.1879858492869759,0.1882023350965899,0.1878263433335007,0.1877909873629785,4,0.005,24
0,0.305248237224692,0.1893058153105942,0.1892061374121088,0.1892078594342896,0.1942636608138696,0.1598217431753076,,0.1926848742137397,0.1914083798424213,0.1909491173057033,0.160225478904846,0.1604557768522195,0.1586341377688692,0.1558197652150204,,0.1894835317722703,0.1881279835672636,0.1883801955947373,0.1882023085560032,0.1879890301503395,0,0.01,24
0,0.3018117020814767,0.1885363244534732,0.1884755753795749,0.1885106801258587,0.1936711150105409,0.1594549148881241,,0.193831084409068,0.193056612203674,0.1916428570262733,0.1607742574532339,0.1603633983933897,0.1587940541615425,0.1557715185018365,,0.1899138869902774,0.1884072771264602,0.1880969118756719,0.1881374927036567,0.1879537662782394,1,0.01,24
0,0.3030369113373273,0.1879395850257076,0.187846915455507,0.1878923786890789,0.192804066388136,0.1598267642025206,,0.1931123757858975,0.1918929379656189,0.1906941721717471,0.1620603367843128,0.1610495319311642,0.1598793888520329,0.156146953581964,,0.1899881350090066,0.1881782608160059,0.1885165084214478,0.188287508210088,0.1880118162239745,2,0.01,24
0,0.3016079726310123,0.1880333248853122,0.1879416138001901,0.187967745728933,0.1930950654509424,0.1598719075264788,,0.1924507106435967,0.193456159328291,0.1917029048517221,0.1628633856615741,0.1623259117486417,0.1586724234279396,0.1560028493522421,,0.1898752867826368,0.1883906095753,0.1882936302025366,0.1884215569306655,0.1878524194496872,3,0.01,24
0,0.3037829904073691,0.1888559271666626,0.1888006092717723,0.1888440563808663,0.1933188721614051,0.16189867735249,,0.194408041851447,0.1932691566982356,0.1916417172477414,0.161011592278004,0.1637322738525932,0.1595434065254866,0.1563072446079374,,0.1904683451887215,0.1884082296745717,0.1883703784494002,0.1882952082600477,0.1887036356732133,4,0.01,24
0,0.3128867661587423,0.192080966107399,0.191660887564631,0.1915174777727033,0.1980731433093083,0.1674554057488638,,0.1983502168425071,0.2000503400667324,0.1948993429999495,0.1653693674868998,0.1709008727004706,0.1606352521120557,0.1574882030206401,,0.1920073646334238,0.1903522855935647,0.1905266521796062,0.1900264073596307,0.1911822323027014,0,0.05,24
0,0.3150859591694623,0.1920414654404131,0.1916115695266103,0.1915242429141275,0.197637009363519,0.1640085347806091,,0.1998866505197791,0.2002433696070605,0.194375477100032,0.1662851722909891,0.1705815135300027,0.1607085611610791,0.1571991558007237,,0.1925117119157503,0.190030485182981,0.1902257377223998,0.1900508715509838,0.1909251758727838,1,0.05,24
0,0.3148140401012042,0.1924961457540451,0.1920503486468227,0.1919034343718104,0.1979723968348476,0.1711988339910457,,0.1995301954698704,0.2001547941890434,0.1953237632918907,0.1657599575797186,0.1703231867972699,0.160689456506151,0.157347658884062,,0.1925918166127649,0.1904621827041061,0.1902819700130702,0.1902274800724324,0.1912082866106083,2,0.05,24
0,0.3164619628015525,0.1923136036429913,0.1919050368885283,0.1917773215249767,0.1979657204648182,0.1671750058664163,,0.1993288013270636,0.2001780214460193,0.1935457903570522,0.1648621161876142,0.1714753494953616,0.1607104232796044,0.1570712849572455,,0.1923172063651767,0.1896158814351676,0.1897741359286359,0.189520992100333,0.1906092716237987,3,0.05,24
0,0.3150068409203749,0.1921415716915274,0.1917306932990081,0.1916255320165313,0.1975440021085172,0.1697237875751005,,0.2004602159186644,0.1999370871945613,0.1950046477360784,0.1668095762578482,0.1715076190423781,0.1611352416033713,0.1580053856637274,,0.1930095767261004,0.1908483830758831,0.1903141544716113,0.1903325125862141,0.1911152844577213,4,0.05,24
0,0.3219240047361748,0.1947804071517826,0.1941471172986289,0.1939414555293528,0.2011615191586934,0.1716735058421272,,0.2012533561334133,0.2010287127681252,0.1960966402234614,0.1654162782743338,0.1710427629675433,0.1609977293770002,0.1571347865805205,,0.1935607652846251,0.1921084935106574,0.192244539783125,0.1916792589232258,0.1937179017140211,0,0.1,24
0,0.3180020035001932,0.1951963521177579,0.1945337504006079,0.1942307968257772,0.2014439799821861,0.1775427512065206,,0.2022060081926473,0.2016288600362938,0.1966197201784971,0.1656880862010863,0.170431050271918,0.1605119464979091,0.1574711531737354,,0.1937795191948484,0.1924086514178207,0.1927052321258382,0.1920771558405753,0.1944354951121389,1,0.1,24
0,0.3282240848537977,0.1957583459036126,0.1950520500514518,0.1948226925096913,0.2018091335425208,0.1737265544072961,,0.2013832650079795,0.2021616828769863,0.1970352198259928,0.1646777133999225,0.1698931084847356,0.1612358431883214,0.1586339029496257,,0.1941730602906344,0.1931275812361806,0.1931867981114505,0.192336523726787,0.1942572440144186,2,0.1,24
0,0.3170012560971086,0.1949690597567433,0.1942527367551859,0.1939282768476977,0.2013720211615407,0.1703872675442602,,0.2027217637949883,0.2007671987326862,0.1965817764881147,0.1646319228775998,0.1688664304670668,0.1608226483699118,0.1580376246494086,,0.1936698420065743,0.1926737669574482,0.192538587245844,0.1922016254746912,0.1940135959559129,3,0.1,24
0,0.3246614607862056,0.195682171315646,0.1950610430820752,0.1947929355648867,0.2024400411773144,0.1736473712078862,,0.2034715578880405,0.2020429887243232,0.1967213390634929,0.1674078926614424,0.1708844183843056,0.1607371660065897,0.1580258624751443,,0.194065876260603,0.1931802088015076,0.1927898627505618,0.1920450658057181,0.1948816612075929,4,0.1,24
